,0,1,2968,3131,3132,3133,3134,3135,3136,3137,3138,3139,3141,3142,3143,3144,3145,3218,3220,3498,4236,4241,4243,4244,4245,4246,4247,4248,4250,4257,4259,4260,4261,4262,4263,4264,4271,4274,4275,4276,4277,4278,4378,4382,4388,4393,4397,4400,4408,4412,4413,4414,4420,4421,4422,4423,4424,4425,4426,4430,4432,4434,5126,5320,6420,6431,6432,6447,6448,6521,6572,6595
0,0.0,11.726333333333335,5.3405000000000005,15.3125,16.116333333333333,16.267333333333333,15.994666666666665,18.139,17.81833333333333,16.902833333333334,16.561833333333333,16.865833333333335,16.958000000000002,16.013333333333332,15.881499999999999,16.6555,16.101333333333333,16.708333333333332,17.378833333333333,17.666999999999998,17.019333333333332,9.049833333333334,9.4605,8.650833333333333,9.629333333333333,10.0235,9.956666666666667,10.098833333333333,10.209166666666667,14.127999999999998,14.689333333333334,15.854333333333333,15.374333333333334,14.725999999999999,15.148666666666665,13.658,15.1015,13.541500000000001,13.775166666666667,12.931666666666667,12.512166666666667,13.145333333333333,11.256333333333334,16.510166666666667,16.4185,10.273666666666665,9.446166666666667,15.615499999999999,9.077833333333333,14.868833333333333,14.943333333333333,14.556999999999999,15.411666666666667,14.324000000000002,13.966666666666667,13.932166666666665,14.2375,13.061,13.281,13.323666666666666,10.153666666666668,9.760166666666667,13.041166666666667,9.413833333333335,17.130499999999998,16.778666666666666,16.282,16.782333333333334,17.134333333333334,11.227333333333332,9.827333333333334,11.228333333333333
1,11.293166666666668,0.0,6.324,9.772166666666667,10.576166666666667,11.193666666666667,11.441166666666668,13.623666666666667,13.944333333333333,13.26,12.93,12.4315,12.452333333333334,13.356833333333332,13.224833333333333,12.603333333333333,11.942166666666667,11.168000000000001,13.219833333333334,12.126666666666667,11.479000000000001,3.3815,2.921666666666667,4.3004999999999995,5.279166666666667,5.673333333333333,5.6065,5.748666666666667,7.6605,9.334166666666667,8.749166666666667,9.914166666666667,9.434166666666666,8.785833333333333,9.208499999999999,7.717833333333333,9.514999999999999,7.955,8.1885,7.345,6.9254999999999995,7.558666666666666,7.354,10.569833333333333,10.478333333333333,7.1245,4.951,10.075333333333333,12.307666666666668,9.3285,9.402999999999999,9.016666666666667,9.7135,8.737333333333334,8.38,8.345666666666666,8.650833333333333,8.710666666666667,8.930833333333334,8.9735,4.832833333333334,7.5295,6.925333333333333,7.183166666666667,11.590166666666667,11.238333333333333,10.741666666666667,11.708666666666666,12.060666666666666,6.877,5.991,8.596166666666667
2968,4.968999999999999,6.385833333333333,0.0,9.972000000000001,10.776,11.3935,11.641,13.823666666666666,14.144333333333332,13.256,12.915,12.631333333333334,12.652166666666666,12.3665,12.234666666666667,12.803166666666668,12.142,11.367833333333333,13.419666666666666,12.326666666666666,11.678833333333333,3.7095,4.12,3.3103333333333333,4.288833333333333,4.683000000000001,4.616333333333333,4.758333333333334,5.154,8.7875,9.349,10.513833333333334,10.033833333333332,9.3855,9.808333333333334,8.317666666666666,9.761,8.201166666666667,8.434666666666667,7.591166666666667,7.171666666666667,7.804833333333334,6.2011666666666665,11.169666666666666,11.078,5.218500000000001,4.105666666666667,10.275166666666667,9.2965,9.528333333333334,9.603,9.2165,10.071166666666667,8.9835,8.626166666666668,8.591833333333334,8.897,7.7205,7.940666666666667,7.983333333333333,4.813166666666667,4.705,7.700666666666667,4.358666666666666,11.790166666666666,11.438166666666666,10.9415,11.9085,12.2605,5.886833333333333,4.486833333333333,6.173166666666666
3131,14.336,10.178833333333333,10.5245,0.0,1.7401666666666666,2.3578333333333332,2.605166666666667,4.787833333333333,5.1085,4.424166666666666,4.094166666666667,3.595666666666667,3.6165000000000003,4.134666666666667,4.697666666666667,3.7675,3.106333333333333,1.8933333333333333,4.384,2.8521666666666667,2.6431666666666667,7.958166666666667,7.912999999999999,7.225499999999999,7.523,7.0344999999999995,6.6626666666666665,6.589833333333333,7.2636666666666665,3.3675,3.866833333333333,5.031666666666666,5.088166666666667,4.129666666666667,4.552499999999999,3.4048333333333334,5.8919999999999995,4.332,4.565666666666667,4.0945,3.675,4.308166666666667,6.887833333333333,5.6875,5.595833333333333,5.905166666666667,7.263166666666667,1.2393333333333334,11.218666666666667,2.618333333333333,1.6840000000000002,2.3361666666666663,3.814,3.331166666666667,3.105166666666667,2.753833333333333,2.367166666666667,3.9949999999999997,3.6978333333333335,3.279333333333333,9.409500000000001,7.132666666666666,6.1866666666666665,6.786333333333333,2.7543333333333333,1.9636666666666664,1.4669999999999999,2.8728333333333333,3.2246666666666663,7.808000000000001,10.831166666666666,8.282833333333334
3132,15.855166666666666,11.881499999999999,12.227166666666667,2.279333333333333,0.0,1.7935,2.041,4.2236666666666665,4.544333333333333,3.86,3.5298333333333334,3.0313333333333334,3.0521666666666665,3.697,4.133333333333334,3.2031666666666667,2.5420000000000003,1.4556666666666667,3.819666666666667,2.4145,2.7275,9.660833333333333,9.615666666666668,8.928166666666668,9.225666666666665,8.737,8.365333333333334,8.2925,8.966333333333333,5.070166666666666,5.569500000000001,6.734333333333334,6.7908333333333335,5.832333333333334,6.255,5.1075,7.594666666666667,6.034666666666666,6.2683333333333335,5.797166666666667,5.377666666666667,6.010833333333333,8.590499999999999,7.390166666666667,7.298500000000001,7.607833333333334,8.965833333333334,2.258166666666667,10.948666666666666,4.321,3.3866666666666663,4.038833333333334,5.516666666666667,5.033833333333333,4.807833333333334,4.4565,4.069833333333333,5.697666666666667,5.400499999999999,4.982,11.112166666666667,8.835333333333333,7.889333333333334,8.488999999999999,2.8386666666666667,0.8061666666666666,1.2576666666666665,2.3085,2.6605,9.510666666666667,12.533833333333332,9.9855
3133,15.039166666666667,11.8775,12.223166666666666,2.9425000000000003,3.216666666666667,0.0,1.2248333333333332,3.4074999999999998,3.7281666666666666,3.043833333333333,2.7138333333333335,2.215333333333333,1.2590000000000001,3.4491666666666663,3.167666666666667,2.2501666666666664,1.726,3.1881666666666666,2.613,2.9996666666666667,2.5261666666666667,9.656833333333333,9.611666666666668,8.924166666666668,9.221666666666666,8.733166666666667,8.361333333333333,8.2885,8.962333333333333,5.066333333333334,5.5655,6.7305,6.787000000000001,5.828333333333333,6.251166666666666,5.1034999999999995,7.5906666666666665,6.030666666666666,6.264333333333334,5.793333333333334,5.373833333333334,6.007000000000001,8.586500000000001,7.386166666666667,7.294666666666667,7.603833333333333,8.961833333333335,2.056833333333333,10.1325,4.316999999999999,3.3826666666666667,4.034833333333333,5.512666666666666,5.029833333333333,4.803833333333333,4.4525,4.065833333333333,5.693666666666667,5.3966666666666665,4.978,11.108333333333333,8.831333333333333,7.8853333333333335,8.485000000000001,2.6375,3.8333333333333335,3.912,0.5153333333333333,0.8673333333333333,9.506833333333333,12.53,9.9815
3134,14.267166666666666,11.2835,11.629166666666666,2.3485,2.622666666666667,0.7255,0.0,2.182666666666667,2.503333333333333,1.819,1.4888333333333332,0.9903333333333334,1.8108333333333335,2.6771666666666665,2.5453333333333332,1.6151666666666666,0.9540000000000001,3.739833333333333,2.231666666666667,3.5513333333333335,1.9321666666666668,9.062833333333334,9.017666666666665,8.330166666666667,8.627666666666666,8.139166666666666,7.767333333333334,7.694500000000001,8.368333333333334,4.472333333333333,4.971500000000001,6.136333333333334,6.193,5.234333333333334,5.657166666666667,4.5095,6.996666666666667,5.4366666666666665,5.670333333333334,5.199333333333333,4.779833333333333,5.412999999999999,7.992500000000001,6.792166666666666,6.700666666666667,7.009833333333333,8.367833333333333,1.4628333333333332,9.360666666666667,3.723,2.7886666666666664,3.440833333333333,4.918666666666667,4.435833333333333,4.21,3.8585,3.4718333333333335,5.099666666666667,4.802666666666667,4.384,10.514333333333333,8.237333333333334,7.291333333333333,7.891,2.0435,3.428833333333333,3.318,1.2405000000000002,1.5925,8.912833333333333,11.936,9.3875
3135,16.5115,13.527833333333332,13.8735,4.592833333333333,4.867,2.9698333333333333,2.244333333333333,0.0,0.32066666666666666,1.2361666666666666,1.5771666666666666,2.0646666666666667,4.055166666666667,4.9215,4.789666666666666,3.8594999999999997,3.1983333333333333,5.984166666666667,4.475833333333333,5.7956666666666665,4.1765,11.307166666666665,11.262,10.5745,10.872000000000002,10.3835,10.011666666666667,9.938833333333333,10.612666666666666,6.7165,7.215833333333333,8.380666666666666,8.437166666666666,7.478666666666667,7.9014999999999995,6.753833333333334,9.241000000000001,7.681,7.914666666666666,7.4435,7.024166666666667,7.657166666666667,10.236833333333333,9.0365,8.945,9.254166666666666,10.612166666666667,3.7071666666666667,11.604833333333334,5.967333333333333,5.033,5.6851666666666665,7.162999999999999,6.680166666666667,6.454166666666667,6.102833333333334,5.716166666666667,7.343999999999999,7.046833333333334,6.628333333333333,12.758666666666667,10.481666666666666,9.535666666666666,10.135333333333334,4.2876666666666665,5.673166666666666,5.562333333333333,3.4848333333333334,3.8368333333333333,11.157,14.180166666666667,11.631833333333333
3136,16.832166666666666,13.8485,14.194166666666666,4.9135,5.187666666666667,3.2905,2.565,0.32066666666666666,0.0,0.9155,1.2565,1.744,4.3758333333333335,5.242166666666666,5.110333333333333,4.180166666666667,3.5189999999999997,6.304833333333334,4.796666666666667,6.116333333333333,4.497166666666667,11.627833333333333,11.582666666666666,10.895166666666666,11.192666666666666,10.704166666666667,10.332333333333334,10.259500000000001,10.933333333333334,7.037166666666667,7.5365,8.701333333333334,8.757833333333334,7.799333333333333,8.222166666666666,7.0745000000000005,9.561666666666667,8.001666666666667,8.235333333333333,7.764166666666667,7.344666666666667,7.977833333333334,10.557500000000001,9.357166666666666,9.2655,9.574833333333334,10.932833333333333,4.027833333333333,11.9255,6.287999999999999,5.353666666666667,6.005833333333333,7.483666666666666,7.0008333333333335,6.7748333333333335,6.423500000000001,6.036833333333333,7.664666666666666,7.367500000000001,6.949,13.079333333333333,10.802333333333333,9.856333333333334,10.456,4.608333333333333,5.993833333333333,5.883,3.8055000000000003,4.1575,11.477666666666666,14.500833333333333,11.952499999999999
3137,16.086166666666667,13.1025,13.448166666666667,4.1675,4.441666666666666,2.5444999999999998,1.819,1.2361666666666666,0.9155,0.0,0.341,0.8285,3.629833333333333,4.496166666666666,4.364333333333334,3.434166666666667,2.773,5.558833333333333,4.050666666666666,5.370333333333334,3.7511666666666668,10.881833333333333,10.836666666666668,10.149166666666668,10.446666666666665,9.958166666666667,9.586333333333332,9.513499999999999,10.187333333333333,6.291333333333333,6.7905,7.955333333333333,8.011833333333334,7.053333333333333,7.476166666666667,6.3285,8.815666666666667,7.2556666666666665,7.489333333333334,7.018166666666667,6.598666666666667,7.232,9.8115,8.611166666666666,8.5195,8.828833333333334,10.186833333333334,3.281833333333333,11.179499999999999,5.542,4.607666666666666,5.259833333333333,6.737666666666667,6.254833333333334,6.028833333333334,5.677499999999999,5.2908333333333335,6.918666666666667,6.6215,6.203,12.333166666666667,10.056333333333333,9.110333333333333,9.71,3.8623333333333334,5.247833333333333,5.1370000000000005,3.0595,3.4114999999999998,10.731666666666666,13.754833333333332,11.2065
3138,15.756166666666667,12.7725,13.118,3.8373333333333335,4.111666666666666,2.2145,1.4888333333333332,1.5771666666666666,1.2565,0.341,0.0,0.5888333333333333,3.2996666666666665,4.166166666666666,4.034166666666667,3.104,2.443,5.228833333333333,3.7205,5.040333333333334,3.4211666666666667,10.551833333333333,10.506666666666666,9.819166666666666,10.116666666666667,9.627999999999998,9.256333333333334,9.1835,9.857333333333335,5.961166666666667,6.4605,7.625333333333333,7.6818333333333335,6.723333333333333,7.146,5.998500000000001,8.485666666666667,6.925666666666667,7.159166666666667,6.688166666666667,6.268666666666666,6.901833333333333,9.4815,8.281166666666667,8.1895,8.498833333333334,9.856833333333332,2.9518333333333335,10.8495,5.212000000000001,4.277666666666667,4.929833333333334,6.407666666666667,5.924833333333334,5.698833333333334,5.3475,4.9608333333333325,6.588666666666667,6.2915,5.873,12.003166666666667,9.726333333333335,8.780333333333335,9.379999999999999,3.5323333333333333,4.917666666666666,4.8068333333333335,2.7295000000000003,3.0813333333333333,10.401666666666667,13.424833333333334,10.8765
3139,15.257666666666667,12.274000000000001,12.619499999999999,3.3388333333333335,3.6131666666666664,1.716,0.9903333333333334,2.0646666666666667,1.744,0.8285,0.5888333333333333,0.0,2.8011666666666666,3.667666666666667,3.5358333333333336,2.6055,1.9445000000000001,4.730333333333333,3.222,4.541833333333333,2.9226666666666667,10.053333333333335,10.008166666666666,9.320666666666666,9.618166666666667,9.1295,8.757833333333334,8.685,9.358833333333333,5.462666666666666,5.962000000000001,7.126833333333334,7.183333333333334,6.224833333333334,6.6475,5.5,7.987166666666667,6.4271666666666665,6.660666666666667,6.189666666666667,5.770166666666666,6.403333333333333,8.982833333333334,7.782666666666667,7.691,8.000333333333334,9.358333333333333,2.453333333333333,10.350999999999999,4.7135,3.779166666666667,4.431333333333333,5.909166666666667,5.426333333333333,5.200333333333333,4.849,4.4623333333333335,6.09,5.793,5.3745,11.504666666666667,9.227833333333333,8.281833333333333,8.881499999999999,3.0338333333333334,4.4191666666666665,4.308333333333334,2.2310000000000003,2.5828333333333333,9.903166666666667,12.926333333333334,10.377833333333333
3141,14.702333333333334,11.905,12.250666666666666,2.9699999999999998,3.2441666666666666,1.347,1.2523333333333333,3.435,3.755666666666667,3.0713333333333335,2.741333333333333,2.242833333333333,0.0,3.1123333333333334,1.9523333333333333,1.035,1.3891666666666667,1.9291666666666667,1.3976666666666666,1.7405000000000002,2.5536666666666665,9.684333333333333,9.639166666666666,8.951666666666666,9.249333333333334,8.760666666666667,8.388833333333332,8.315999999999999,8.989833333333333,5.093833333333333,5.593,6.758,6.8145,5.856,6.278666666666667,5.131,7.618333333333334,6.058166666666667,6.291833333333333,5.820833333333334,5.401333333333333,6.0344999999999995,8.614,7.413666666666667,7.322166666666666,7.631333333333333,8.989333333333333,2.0843333333333334,9.795666666666667,4.3445,3.410166666666667,4.062333333333333,5.540166666666667,5.0575,4.8315,4.48,4.093333333333333,5.721166666666666,5.424166666666666,5.0055,11.135833333333332,8.858833333333333,7.912833333333333,8.5125,2.665,2.5741666666666663,2.9266666666666667,1.8619999999999999,2.214,9.534333333333333,12.557500000000001,10.008999999999999
3142,13.58,12.685833333333333,11.633833333333333,4.324166666666667,4.5985000000000005,2.7013333333333334,2.4286666666666665,4.5729999999999995,4.2523333333333335,3.3368333333333333,2.995833333333333,3.2998333333333334,2.3261666666666665,0.0,0.6818333333333333,1.456,2.1270000000000002,4.255166666666667,2.747,4.066666666666666,3.908,10.009333333333332,10.42,8.334833333333332,8.632333333333333,8.143833333333333,7.772,7.699166666666667,8.373,6.4479999999999995,6.947333333333333,8.112166666666667,8.168666666666667,7.210166666666667,7.633,6.485333333333333,8.9725,7.4125,7.646166666666667,7.175,6.7555,7.3886666666666665,7.997166666666667,8.768,8.676333333333334,7.0145,9.3495,3.4386666666666668,8.673333333333334,5.698833333333334,4.7645,5.416666666666667,6.8945,6.411666666666666,6.185666666666666,5.834333333333333,5.447666666666667,6.557333333333333,6.2603333333333335,5.841666666666667,11.113,8.241999999999999,9.267166666666666,7.895666666666667,4.019166666666667,4.900333333333333,5.252833333333333,3.216333333333333,3.5683333333333334,8.917333333333334,12.1705,9.392166666666666
3143,14.758166666666666,13.404833333333332,12.812000000000001,4.469666666666667,4.744,2.8468333333333335,2.5741666666666663,4.718500000000001,4.397833333333334,3.4823333333333335,3.1413333333333333,3.445333333333333,1.659,3.1681666666666666,0.0,0.7739999999999999,1.445,3.588,2.0796666666666668,3.3995,4.0535000000000005,11.184166666666666,11.139000000000001,9.513,9.810666666666666,9.322000000000001,8.950166666666666,8.877333333333333,9.551166666666667,6.593500000000001,7.092833333333333,8.257666666666667,8.314166666666667,7.355666666666666,7.778333333333333,6.630833333333333,9.118,7.558000000000001,7.7915,7.3205,6.901,7.534166666666667,9.175333333333333,8.913499999999999,8.821833333333332,8.192666666666666,10.489166666666668,3.584166666666667,9.8515,5.844333333333334,4.91,5.562166666666667,7.04,6.557166666666666,6.331166666666666,5.979833333333334,5.593166666666666,7.221,6.9238333333333335,6.505333333333334,12.291333333333334,9.420166666666667,9.412666666666667,9.073833333333333,4.164666666666666,4.2331666666666665,4.585666666666667,3.3618333333333337,3.7136666666666667,10.0955,13.348666666666666,10.570333333333334
3144,14.673333333333334,12.746166666666666,12.727166666666667,3.811,4.085333333333334,2.1881666666666666,2.0935,4.276,4.313,3.3975,3.0564999999999998,3.083833333333333,0.8848333333333334,3.0833333333333335,1.8603333333333334,0.0,1.3601666666666667,2.814,1.3056666666666668,2.6253333333333333,3.394833333333333,10.5255,10.480333333333334,9.428333333333335,9.725833333333332,9.237166666666667,8.865499999999999,8.792499999999999,9.466333333333333,5.934833333333333,6.434166666666667,7.599,7.6555,6.697,7.119666666666666,5.972166666666666,8.459333333333333,6.899333333333333,7.132833333333334,6.661833333333333,6.242333333333334,6.8755,9.090499999999999,8.254833333333334,8.163166666666667,8.108,9.8305,2.9255,9.766833333333333,5.185666666666666,4.251333333333333,4.903499999999999,6.381333333333333,5.8985,5.6725,5.321166666666667,4.9345,6.562166666666667,6.265166666666667,5.846666666666667,11.976833333333333,9.3355,8.754,8.989,3.5060000000000002,3.459,3.8115,2.7031666666666667,3.055,10.010833333333332,13.264000000000001,10.4855
3145,13.377,12.023666666666665,11.430833333333334,3.0885000000000002,3.3628333333333336,1.4656666666666667,1.193,3.3373333333333335,3.0166666666666666,2.1011666666666664,1.7601666666666667,2.0641666666666665,2.1563333333333334,1.787,1.6551666666666667,1.9606666666666668,0.0,4.0855,2.5771666666666664,3.8968333333333334,2.6723333333333334,9.802999999999999,9.757833333333334,8.131833333333335,8.429333333333334,7.940833333333333,7.569,7.496166666666666,8.17,5.2123333333333335,5.711666666666667,6.876499999999999,6.933000000000001,5.974500000000001,6.397166666666666,5.249666666666667,7.736833333333333,6.176833333333334,6.410333333333333,5.939333333333334,5.519833333333334,6.1530000000000005,7.7941666666666665,7.532333333333333,7.440666666666667,6.8115,9.108,2.2030000000000003,8.470333333333334,4.463166666666667,3.528833333333333,4.181,5.658666666666666,5.176,4.95,4.598666666666667,4.211833333333334,5.839666666666667,5.542666666666666,5.1241666666666665,10.910166666666667,8.039,8.0315,7.692666666666667,2.7834999999999996,4.168833333333334,4.058,1.9806666666666668,2.3325,8.714333333333334,11.9675,9.189166666666667
3218,15.207166666666666,11.05,11.395666666666667,1.4478333333333333,2.534,2.4963333333333333,2.7438333333333333,4.926333333333333,5.247,4.562666666666667,4.232666666666667,3.734166666666667,2.0403333333333333,2.2456666666666667,2.9276666666666666,3.0753333333333335,3.2448333333333332,0.0,2.8276666666666666,0.9631666666666666,3.4301666666666666,8.829333333333333,8.784166666666666,8.096666666666668,8.394166666666667,7.905666666666666,7.533833333333333,7.461,8.134833333333333,4.238666666666666,4.7379999999999995,5.902833333333334,5.9595,5.0008333333333335,5.423666666666667,4.276,6.763166666666667,5.203166666666666,5.436833333333333,4.9656666666666665,4.546166666666666,5.1795,7.759,6.558666666666666,6.467,6.776333333333333,8.134333333333334,2.1105,10.586166666666665,3.4895,2.5551666666666666,3.207333333333333,4.6851666666666665,4.202333333333333,3.9763333333333337,3.625,3.2383333333333337,4.866166666666667,4.569,4.1505,10.280666666666667,8.003833333333334,7.057833333333334,7.6575,3.5415,0.6495,1.002,3.0113333333333334,3.3631666666666664,8.679166666666667,11.702333333333334,9.154
3220,14.275666666666666,13.258999999999999,12.329333333333333,4.165,4.598166666666667,2.701,2.606333333333333,4.789,4.9479999999999995,4.0325,3.6915,3.5966666666666667,1.3976666666666666,2.3018333333333336,0.7188333333333333,1.4558333333333333,2.1266666666666665,2.7216666666666667,0.0,2.1111666666666666,3.9076666666666666,10.705,10.993166666666667,9.0305,9.328,8.839333333333334,8.467666666666666,8.394833333333333,9.068666666666667,6.447666666666667,6.947,8.111833333333333,8.168333333333333,7.209833333333333,7.632499999999999,6.485,8.972166666666668,7.412166666666667,7.645833333333333,7.174666666666667,6.755166666666667,7.388333333333334,8.692833333333335,8.767666666666665,8.675999999999998,7.710166666666667,10.045166666666667,3.4383333333333335,9.369,5.6985,4.764166666666667,5.416333333333333,6.894166666666666,6.411333333333333,6.185333333333333,5.8340000000000005,5.447333333333333,7.075166666666666,6.7780000000000005,6.3595,11.808666666666666,8.937666666666667,9.266833333333333,8.591333333333333,4.018833333333333,3.3666666666666667,3.7191666666666667,3.216,3.567833333333333,9.613,12.866166666666667,10.087833333333332
3498,14.984333333333332,12.839666666666666,13.185166666666667,3.2375,4.323666666666667,2.6711666666666667,2.5763333333333334,4.759,5.079666666666666,4.395333333333334,4.065333333333333,3.5668333333333333,1.324,1.7371666666666667,2.419166666666667,2.359,2.7131666666666665,1.794,2.1111666666666666,0.0,3.877666666666667,10.619,10.573833333333333,9.886333333333333,10.183833333333332,9.695333333333334,9.3235,9.250666666666666,9.9245,6.028333333333333,6.527666666666667,7.6925,7.749,6.7905,7.213333333333334,6.065666666666667,8.552833333333332,6.9928333333333335,7.2265,6.755333333333334,6.3358333333333325,6.968999999999999,9.548666666666666,8.348333333333333,8.256666666666666,8.566,9.924000000000001,3.408333333333333,10.077666666666666,5.279166666666667,4.344833333333333,4.997,6.474833333333334,5.992,5.766,5.414666666666666,5.0280000000000005,6.655833333333334,6.358666666666666,5.940166666666667,12.070333333333334,9.7935,8.8475,9.447166666666668,3.989,2.4391666666666665,2.7916666666666665,3.186,3.538,10.468833333333333,13.491999999999999,10.943666666666667
4236,14.9495,10.792499999999999,11.138,1.8573333333333333,2.131666666666667,1.6213333333333333,1.8686666666666667,4.051333333333334,4.372,3.6876666666666664,3.357666666666667,2.859166666666667,2.8800000000000003,4.093,3.9611666666666663,3.031,2.3698333333333332,3.2531666666666665,3.6475,4.212,0.0,8.571833333333332,8.526666666666667,7.839166666666667,8.136666666666667,7.648,7.276333333333333,7.2035,7.8773333333333335,3.9811666666666667,4.4805,5.645333333333334,5.701833333333334,4.743333333333334,5.1659999999999995,4.0185,6.5056666666666665,4.945666666666667,5.179166666666666,4.708166666666667,4.288666666666667,4.921833333333334,7.501333333333333,6.301166666666666,6.2095,6.518833333333333,7.876833333333334,0.9718333333333333,10.776333333333334,3.2318333333333333,2.2976666666666667,2.9498333333333333,4.427499999999999,3.9448333333333334,3.7188333333333334,3.3673333333333333,2.9808333333333334,4.6085,4.3115,3.8928333333333334,10.023166666666667,7.746333333333333,6.800333333333333,7.3998333333333335,0.8333333333333334,2.9376666666666664,2.8268333333333335,2.1363333333333334,2.4881666666666664,8.421666666666667,11.444833333333333,8.896333333333333
4241,8.652833333333332,3.4175,3.683666666666667,7.5875,8.3915,9.008999999999999,9.256499999999999,11.439166666666667,11.759833333333335,11.0755,10.745333333333333,10.246833333333333,10.267666666666665,10.7165,10.584666666666667,10.418666666666667,9.7575,8.983333333333333,11.035166666666667,9.942166666666667,9.294333333333332,0.0,1.1516666666666666,1.6601666666666666,2.6388333333333334,3.033,2.9661666666666666,3.1083333333333334,5.020166666666666,7.1375,6.5645,7.7295,7.2495,6.601166666666667,7.023833333333333,5.533166666666667,7.330333333333333,5.770333333333334,6.0040000000000004,5.1605,4.741,5.3741666666666665,4.713666666666667,8.385333333333334,8.293666666666667,4.484166666666667,2.3106666666666666,7.890666666666666,9.667333333333334,7.143833333333333,7.218500000000001,6.832,7.529,6.552833333333334,6.1955,6.1610000000000005,6.466166666666667,6.070333333333334,6.2905,6.333166666666667,2.1925000000000003,4.889166666666667,4.740666666666667,4.542833333333333,9.405666666666667,9.053666666666667,8.556999999999999,9.524000000000001,9.876,4.236666666666666,3.6141666666666667,5.9558333333333335
4243,8.914833333333332,3.3848333333333334,3.9458333333333333,7.555000000000001,8.358833333333333,8.9765,9.223833333333333,11.4065,11.727166666666667,11.042833333333334,10.712833333333332,10.214333333333334,10.235000000000001,10.9785,10.846666666666666,10.386,9.725,8.950666666666667,11.0025,9.909500000000001,9.261666666666667,1.0031666666666665,0.0,1.9223333333333334,2.9008333333333334,3.295,3.228333333333333,3.3703333333333334,5.282333333333333,7.116833333333333,6.532,7.696833333333333,7.216833333333333,6.5685,6.991333333333333,5.500666666666667,7.297666666666667,5.737666666666667,5.971333333333333,5.127833333333333,4.708333333333333,5.3415,4.975833333333333,8.352666666666668,8.261000000000001,4.746166666666666,2.5728333333333335,7.8580000000000005,9.929499999999999,7.111166666666667,7.185833333333333,6.799333333333333,7.496333333333333,6.520166666666666,6.162833333333333,6.128333333333333,6.433666666666666,6.3325,6.552666666666667,6.5953333333333335,2.4546666666666668,5.151333333333333,4.708,4.804833333333334,9.373,9.020999999999999,8.5245,9.491333333333333,9.843333333333334,4.498833333333334,3.8763333333333336,6.218
4244,8.267999999999999,4.350833333333333,3.299,6.661833333333333,7.4656666666666665,8.083166666666667,8.330666666666666,10.513333333333332,10.834,9.945833333333333,9.604833333333334,9.321166666666667,9.342,9.056333333333333,8.9245,9.492833333333333,8.831833333333332,8.0575,10.109333333333332,9.016333333333334,8.368500000000001,1.6744999999999999,2.085166666666667,0.0,0.9786666666666667,1.3728333333333333,1.306,1.4481666666666666,3.36,5.477333333333333,6.21,7.374833333333333,6.894833333333334,6.2465,6.6691666666666665,5.178666666666667,6.622,5.062,5.2956666666666665,4.452166666666667,4.032666666666667,4.6658333333333335,3.0535,8.030666666666667,7.938999999999999,2.824,1.2006666666666668,6.964833333333333,8.007166666666667,6.218,6.292666666666666,5.906166666666667,6.932166666666666,5.8445,5.487166666666667,5.452833333333333,5.758,4.410166666666667,4.630333333333334,4.673,2.7783333333333333,3.229,4.764833333333333,2.8826666666666667,8.479833333333334,8.127833333333333,7.631333333333333,8.598166666666666,8.950166666666666,2.5765000000000002,3.8356666666666666,4.2956666666666665
4245,9.246666666666666,5.3294999999999995,4.2775,6.805833333333334,7.609666666666667,8.227333333333332,8.474666666666668,10.657333333333334,10.978,10.243333333333334,9.902333333333333,9.465166666666667,9.485999999999999,9.353833333333334,9.222000000000001,9.636833333333334,8.975833333333332,8.2015,10.253333333333334,9.160333333333334,8.5125,2.6531666666666665,3.0636666666666668,0.9786666666666667,0.0,1.6703333333333332,1.6035,1.7456666666666665,3.6574999999999998,5.7748333333333335,6.136333333333334,7.301333333333333,6.821333333333333,6.173,6.595666666666667,5.105,6.548500000000001,4.9885,5.222166666666666,4.378666666666667,3.959166666666667,4.592333333333333,3.351,7.957166666666667,7.8655,3.1214999999999997,1.3270000000000002,7.108833333333333,8.304833333333333,6.362,6.4366666666666665,6.050166666666667,6.858666666666666,5.771,5.413666666666667,5.379333333333333,5.6845,4.707666666666666,4.927833333333334,4.9705,3.7568333333333332,3.5265,4.488166666666667,3.1801666666666666,8.623833333333332,8.271833333333333,7.775333333333333,8.742166666666666,9.094166666666666,2.874,4.814333333333334,4.593166666666666
4246,9.640833333333335,5.723666666666667,4.671666666666667,6.470666666666667,7.274666666666667,7.892166666666666,8.139666666666667,10.322333333333335,10.643,9.754666666666667,9.413666666666668,9.129999999999999,9.150833333333333,8.865166666666665,8.733333333333333,9.301833333333333,8.640666666666668,7.8665,9.918333333333333,8.825333333333333,8.1775,3.0473333333333334,3.4578333333333333,1.3728333333333333,1.6703333333333332,0.0,0.8613333333333333,1.1826666666666665,2.9716666666666667,5.286166666666667,6.018833333333333,7.183666666666666,6.703833333333334,6.055499999999999,6.478166666666667,4.9875,6.431,4.8709999999999996,5.104666666666666,4.261,3.841666666666667,4.474833333333334,2.6651666666666665,7.8395,7.748,2.4354999999999998,2.5386666666666664,6.773833333333333,7.618833333333333,6.027,6.1016666666666675,5.715166666666667,6.741166666666667,5.653333333333333,5.296166666666666,5.261666666666667,5.566833333333333,4.219166666666667,4.439333333333334,4.482,4.151,2.8406666666666665,4.573833333333334,2.494333333333333,8.288666666666666,7.936833333333333,7.440166666666667,8.407166666666667,8.759166666666665,1.2036666666666667,5.2085,3.1061666666666667
4247,9.574000000000002,5.656833333333334,4.605,6.099,6.902833333333334,7.5205,7.767833333333333,9.9505,10.271166666666666,9.383000000000001,9.042,8.758333333333333,8.779166666666667,8.493500000000001,8.361666666666666,8.93,8.269,7.494666666666666,9.5465,8.4535,7.805833333333334,2.9805,3.391,1.306,1.6035,0.8613333333333333,0.0,0.8853333333333333,2.797166666666667,4.9145,5.647166666666666,6.812,6.332,5.683666666666666,6.1065,4.615833333333333,6.059166666666667,4.4991666666666665,4.732833333333334,3.8893333333333335,3.4698333333333333,4.103,2.490666666666667,7.467833333333333,7.376166666666666,2.2611666666666665,2.4718333333333335,6.402,7.444333333333334,5.655333333333333,5.729833333333334,5.343500000000001,6.3693333333333335,5.281666666666666,4.924333333333333,4.89,5.195166666666666,3.8473333333333333,4.0675,4.110166666666667,4.0841666666666665,2.666166666666667,4.202,2.3198333333333334,7.917,7.5649999999999995,7.0685,8.0355,8.387333333333334,1.9785,5.141666666666667,3.7328333333333332
4248,9.931166666666666,6.014166666666667,4.962166666666667,5.892666666666667,6.696666666666667,7.314166666666667,7.5616666666666665,9.744333333333334,10.065,9.176666666666668,8.835666666666667,8.552,8.572833333333334,8.287166666666668,8.155333333333333,8.723833333333333,8.062666666666667,7.2885,9.340333333333332,8.247166666666667,7.599500000000001,3.3378333333333337,3.7483333333333335,1.6631666666666667,1.9608333333333334,1.1826666666666665,1.1005,0.0,1.9118333333333333,4.708166666666667,5.440833333333333,6.605833333333334,6.1258333333333335,5.4775,5.900166666666666,4.4094999999999995,5.853,4.293,4.526666666666667,3.6831666666666667,3.2636666666666665,3.8968333333333334,1.6053333333333333,7.2615,7.17,1.3758333333333332,2.829,6.195833333333334,6.559166666666667,5.449,5.523666666666667,5.137166666666667,6.163166666666667,5.075333333333333,4.718166666666666,4.683666666666666,4.988833333333333,3.6411666666666664,3.8613333333333335,3.9040000000000004,4.4415000000000004,1.7808333333333333,3.995833333333333,1.4344999999999999,7.710666666666667,7.358833333333333,6.862166666666667,7.829166666666667,8.181166666666666,1.3903333333333334,5.499,2.8474999999999997
4250,11.088833333333334,7.423666666666667,6.133833333333333,7.004166666666666,7.808166666666667,8.425666666666666,8.673166666666667,10.855833333333333,11.1765,10.288166666666665,9.947166666666668,9.663499999999999,9.684333333333333,9.398666666666665,9.266833333333333,9.835333333333333,9.174166666666668,8.4,10.451833333333333,9.358833333333333,8.711,4.747166666666667,5.1578333333333335,3.072666666666667,3.370166666666667,2.0755,2.5098333333333334,1.4095,0.0,6.117666666666667,6.850333333333333,8.015166666666667,7.535166666666667,6.886833333333333,7.309666666666667,5.819,7.2625,5.7025,5.936000000000001,5.0925,4.673,5.306166666666667,2.459166666666667,8.671,8.5795,1.881,4.2385,7.307333333333333,7.064333333333334,6.5605,6.635166666666667,6.248666666666667,7.572500000000001,6.484833333333333,6.1274999999999995,6.093166666666666,6.194,5.050666666666667,5.270666666666667,5.3133333333333335,5.851,2.286,5.405333333333333,1.9396666666666667,8.822333333333335,8.470333333333334,7.973666666666667,8.940666666666667,9.292666666666666,1.5931666666666666,6.908333333333333,1.0191666666666666
4257,12.587166666666667,8.889833333333334,8.172500000000001,2.4886666666666666,3.2925,3.910166666666667,4.1575,6.340166666666667,6.660833333333333,5.9765,5.6465000000000005,5.148,5.168833333333334,6.125666666666667,6.25,5.3196666666666665,4.658666666666666,3.884333333333333,5.936166666666667,4.843166666666666,4.1955,6.548,6.6241666666666665,4.873500000000001,5.171,4.6825,4.310666666666666,4.237833333333334,4.911666666666666,0.0,3.178,4.343,4.399500000000001,3.4410000000000003,3.8636666666666666,2.716,4.603,3.0431666666666666,3.2766666666666664,2.8056666666666668,2.3861666666666665,3.0193333333333334,4.535833333333333,4.998833333333334,4.907166666666667,3.553166666666667,5.888166666666667,2.7916666666666665,8.866666666666667,2.0448333333333335,2.1195,1.7331666666666665,3.1251666666666664,2.1719999999999997,1.9228333333333334,1.5946666666666667,1.6783333333333335,1.643,1.3458333333333334,0.9273333333333333,7.651833333333333,4.780666666666666,4.897666666666667,4.434333333333333,4.306666666666667,3.954833333333333,3.4581666666666666,4.425166666666667,4.777,5.456,8.709166666666667,5.930833333333334
4259,13.954,8.7355,9.295833333333333,3.407166666666667,4.211166666666666,4.828666666666667,5.0761666666666665,7.258833333333333,7.5794999999999995,6.895166666666666,6.5649999999999995,6.0665000000000004,6.0873333333333335,7.044333333333333,7.1685,6.238333333333333,5.577166666666667,4.803,6.854833333333334,5.761833333333333,5.114,6.514666666666667,6.469666666666667,6.1095,6.226166666666667,5.9185,5.546666666666667,5.473833333333333,6.881833333333334,2.9856666666666665,0.0,1.1648333333333334,2.277,1.2653333333333334,1.6881666666666668,1.0313333333333334,4.73,3.004166666666667,3.4035,3.683,3.2931666666666666,3.9263333333333335,6.505833333333333,1.8206666666666667,1.7291666666666667,5.5233333333333325,5.8196666666666665,3.7103333333333333,10.836666666666668,2.9635000000000002,3.0381666666666667,2.6516666666666664,2.457666666666667,2.5003333333333333,2.4578333333333333,2.1065,1.7198333333333333,3.613,3.3160000000000003,2.8973333333333335,7.966166666666667,6.7508333333333335,3.989833333333333,6.404333333333333,5.225333333333333,4.873333333333333,4.376666666666667,5.343666666666667,5.695666666666667,6.864166666666667,9.387833333333333,7.900833333333334
4260,15.4045,9.875,10.4355,4.9383333333333335,5.742333333333334,6.359833333333333,6.607333333333333,8.79,9.110666666666667,8.426333333333334,8.096166666666667,7.597666666666667,7.6185,8.5755,8.699666666666667,7.7695,7.108333333333333,6.3341666666666665,8.386000000000001,7.293,6.645166666666666,7.654333333333333,7.609166666666667,7.2491666666666665,7.365666666666667,7.058000000000001,6.686333333333334,6.6135,8.413,4.5168333333333335,1.8641666666666665,0.0,1.1205,1.6055,2.0283333333333333,2.171,6.15,4.424166666666666,4.8235,5.103,4.824333333333333,5.4575,8.037,2.556166666666667,0.5641666666666667,7.0545,6.959333333333333,5.2415,12.367833333333333,4.494666666666666,4.569333333333334,4.182833333333333,3.9888333333333335,4.031666666666667,3.989,3.6376666666666666,3.251,5.144166666666666,4.847166666666666,4.4285,9.105833333333333,8.282,5.129499999999999,7.9355,6.7565,6.4045,5.9078333333333335,6.874833333333333,7.226833333333333,8.003833333333334,10.5275,9.431999999999999
4261,14.697666666666667,9.479166666666666,10.0395,4.151,4.954833333333334,5.572500000000001,5.819833333333333,8.0025,8.323166666666667,7.638833333333333,7.308833333333333,6.810333333333333,6.831166666666666,7.787999999999999,7.912333333333334,6.982,6.321,5.546666666666667,7.5985000000000005,6.5055,5.857666666666666,7.2585,7.213333333333334,6.853166666666667,6.969833333333333,6.662166666666667,6.290333333333334,6.2175,7.6255,3.7293333333333334,0.7436666666666666,0.7799999999999999,0.0,2.0091666666666668,2.431833333333333,1.775,5.473666666666667,3.7478333333333333,4.147333333333333,4.426833333333334,4.036833333333333,4.67,7.249666666666667,1.4358333333333335,1.3441666666666667,6.2669999999999995,6.5635,4.454,11.5805,3.7071666666666667,3.781833333333333,3.3954999999999997,3.2013333333333334,3.2441666666666666,3.2016666666666667,2.8501666666666665,2.4635000000000002,4.356833333333333,4.059666666666667,3.6411666666666664,8.709833333333334,7.4945,4.733666666666666,7.148166666666667,5.968999999999999,5.617,5.120500000000001,6.0873333333333335,6.439333333333334,7.6080000000000005,10.131499999999999,8.644666666666666
4262,14.077499999999999,8.588666666666667,9.149000000000001,3.530666666666667,4.3345,4.952166666666667,5.1995000000000005,7.3821666666666665,7.702833333333333,7.0185,6.6885,6.1899999999999995,6.2108333333333325,7.167666666666666,7.292,6.361833333333333,5.700666666666667,4.926333333333333,6.978166666666667,5.885166666666667,5.2375,6.367999999999999,6.3228333333333335,5.962666666666666,6.0793333333333335,5.7716666666666665,5.3998333333333335,5.327,7.005166666666667,3.109,1.1260000000000001,2.290833333333333,2.568,0.0,0.7418333333333333,0.8845,4.8533333333333335,3.1275,3.527,3.8064999999999998,3.4165,4.049833333333334,6.629333333333333,2.9466666666666668,2.855,5.6466666666666665,5.673,3.833666666666667,10.960166666666668,3.087,3.1614999999999998,2.7751666666666663,2.581166666666667,2.6238333333333332,2.5813333333333333,2.229833333333333,1.8433333333333333,3.7365,3.4393333333333334,3.0208333333333335,7.819333333333334,6.8741666666666665,3.843166666666667,6.527833333333334,5.348666666666667,4.996833333333333,4.500166666666667,5.4671666666666665,5.819,6.7175,9.241000000000001,8.024333333333333
4263,13.376166666666668,7.846666666666667,8.407166666666667,2.9099999999999997,3.714,4.3315,4.579,6.761666666666667,7.082333333333334,6.398,6.068,5.569500000000001,5.590166666666667,6.547166666666667,6.671333333333333,5.741166666666667,5.08,4.305833333333334,6.357666666666666,5.264666666666667,4.616833333333333,5.626,5.581,5.220833333333333,5.3375,5.029833333333333,4.658,4.585166666666667,6.384666666666666,2.4885,0.9961666666666668,2.161,1.826,1.1778333333333333,0.0,0.14266666666666666,4.121666666666667,2.3958333333333335,2.795166666666667,3.0748333333333333,2.796,3.4291666666666667,6.008666666666667,2.8168333333333333,2.7253333333333334,5.026166666666667,4.931,3.2131666666666665,10.3395,2.466333333333333,2.541,2.1545,1.9605,2.0033333333333334,1.9608333333333334,1.6093333333333333,1.2226666666666666,3.116,2.818833333333333,2.4003333333333337,7.0775,6.253666666666667,3.1011666666666664,5.907333333333333,4.728166666666667,4.376166666666666,3.8795,4.846500000000001,5.1985,5.975499999999999,8.499166666666666,7.403833333333334
4264,13.2335,7.704166666666667,8.2645,2.9451666666666667,3.7491666666666665,4.366666666666666,4.614166666666667,6.796833333333334,7.117500000000001,6.433166666666667,6.103,5.6045,5.625333333333333,6.582333333333334,6.7065,5.776333333333333,5.115166666666667,4.340999999999999,6.392833333333333,5.299833333333334,4.652,5.4835,5.4383333333333335,5.078166666666666,5.194833333333333,4.887166666666667,4.515333333333333,4.4425,6.354333333333333,2.5236666666666663,1.0313333333333334,2.196166666666667,1.7161666666666666,1.0678333333333332,1.4906666666666666,0.0,4.156833333333333,2.431,2.8303333333333334,3.11,2.831166666666667,3.4643333333333337,6.043833333333334,2.852,2.7605,5.061333333333334,4.7885,3.2483333333333335,10.374666666666666,2.5015,2.5761666666666665,2.1896666666666667,1.9956666666666665,2.0385,1.9958333333333333,1.6445,1.2578333333333334,3.1510000000000002,2.854,2.4354999999999998,6.934833333333333,6.223333333333333,2.9585,5.877,4.763333333333334,4.411333333333333,3.9146666666666667,4.881666666666666,5.233666666666666,5.832833333333334,8.3565,7.29
4271,13.065833333333334,7.536333333333333,8.096666666666668,2.8756666666666666,3.6795,4.297166666666667,4.5445,6.727166666666666,7.047833333333333,6.3635,6.0335,5.535,5.555833333333334,6.512666666666666,6.6370000000000005,5.706833333333334,5.0456666666666665,4.271333333333333,6.323166666666666,5.230166666666666,4.5825,5.315666666666667,5.2705,4.910333333333333,5.027,4.719333333333334,4.3475,4.274666666666667,6.1866666666666665,2.4376666666666664,3.4991666666666665,4.664,4.7205,3.762,4.184666666666667,3.0371666666666663,0.0,1.6895,1.9231666666666667,1.4520000000000002,1.0325,1.6656666666666666,5.88,5.319833333333333,5.228166666666667,4.991666666666666,4.620666666666667,3.1786666666666665,10.305166666666667,2.432,2.5065,2.1201666666666665,2.9285,1.8408333333333333,1.4835,1.4491666666666667,1.7543333333333335,2.5191666666666666,2.7391666666666667,2.3658333333333332,6.7669999999999995,6.055666666666666,3.544166666666667,5.7091666666666665,4.693666666666667,4.341833333333333,3.8451666666666666,4.812166666666667,5.164,5.665,8.188666666666666,7.122333333333333
4274,13.162,7.632499999999999,8.192833333333333,3.6028333333333333,4.406833333333334,5.024333333333333,5.271833333333333,7.4544999999999995,7.775166666666666,7.090833333333333,6.760666666666666,6.262166666666667,6.283,7.239999999999999,7.364166666666667,6.434,5.772833333333334,4.998666666666667,7.0504999999999995,5.9575,5.309666666666667,5.411833333333333,5.366666666666666,5.0065,5.123166666666666,4.8155,4.443666666666667,4.370833333333334,6.282666666666667,3.164833333333333,3.004166666666667,4.169,4.114333333333334,3.2670000000000003,3.6896666666666667,2.431,1.7258333333333333,0.0,0.39949999999999997,0.679,1.0295,1.4236666666666666,5.976166666666667,4.824833333333333,4.7331666666666665,5.718999999999999,4.716833333333333,3.906,10.93,3.1591666666666667,3.2336666666666667,2.8473333333333333,3.6558333333333333,2.568,2.2108333333333334,2.1763333333333335,2.4814999999999996,3.2463333333333333,3.4665000000000004,3.0930000000000004,6.863166666666667,6.151833333333333,3.640333333333333,5.8053333333333335,5.420833333333333,5.069,4.572333333333333,5.539333333333333,5.891333333333334,5.761166666666667,8.284833333333333,7.218500000000001
4275,13.3955,7.866,8.426499999999999,3.8365,4.640333333333333,5.258,5.505333333333334,7.688,8.008666666666667,7.324333333333333,6.9943333333333335,6.495833333333334,6.516666666666667,7.4735000000000005,7.597833333333333,6.667666666666666,6.0065,5.232166666666667,7.284000000000001,6.191,5.543333333333334,5.645333333333334,5.600333333333333,5.240166666666667,5.3566666666666665,5.049,4.677333333333333,4.6045,6.516333333333334,3.3983333333333334,3.4035,4.5685,4.513833333333333,3.6665,4.089166666666666,2.8303333333333334,1.6738333333333335,0.39949999999999997,0.0,0.9125,1.2630000000000001,1.6571666666666667,6.209833333333333,5.224166666666666,5.132666666666666,5.9525,4.950333333333333,4.1395,11.163666666666668,3.3928333333333334,3.4673333333333334,3.0810000000000004,3.8893333333333335,2.8016666666666667,2.4443333333333332,2.4099999999999997,2.7151666666666667,3.479833333333333,3.7,3.3266666666666667,7.0968333333333335,6.3853333333333335,3.8738333333333332,6.039,5.6545,5.302666666666667,4.806,5.773,6.124833333333333,5.994833333333333,8.5185,7.452
4276,12.552,7.0225,7.583,3.365333333333333,4.169333333333333,4.786833333333333,5.0343333333333335,7.217,7.5376666666666665,6.8533333333333335,6.523166666666667,6.024666666666667,6.0455000000000005,7.0024999999999995,7.126666666666667,6.1965,5.535333333333333,4.761166666666667,6.813,5.72,5.072166666666666,4.801833333333334,4.756666666666666,4.3966666666666665,4.513166666666667,4.2055,3.833833333333333,3.761,5.672833333333333,2.927333333333333,3.683,4.848,4.793333333333334,3.9459999999999997,4.368666666666667,3.11,2.239,0.679,0.9125,0.0,0.41950000000000004,0.8136666666666666,5.366333333333333,5.503833333333334,5.412166666666667,5.136833333333333,4.106833333333333,3.6685000000000003,10.32,2.921666666666667,2.9963333333333333,2.6098333333333334,3.4183333333333334,2.3306666666666667,1.9733333333333334,1.9388333333333334,2.2441666666666666,3.0088333333333335,3.229,2.8556666666666666,6.253333333333333,5.541833333333333,3.030333333333333,5.1955,5.1834999999999996,4.8315,4.334833333333333,5.301833333333334,5.653833333333334,5.151333333333333,7.675,6.6085
4277,12.1325,6.603,7.1635,2.9459999999999997,3.7498333333333336,4.367333333333334,4.614833333333333,6.7975,7.118166666666666,6.433833333333333,6.103833333333333,5.605333333333333,5.626,6.583,6.707166666666667,5.777,5.115833333333333,4.341666666666667,6.3935,5.3004999999999995,4.652666666666667,4.382333333333333,4.337166666666667,3.9771666666666667,4.093833333333333,3.786,3.4143333333333334,3.3415000000000004,5.253333333333333,2.507833333333333,3.5693333333333332,4.734166666666667,4.740833333333333,3.8321666666666667,4.255,3.0246666666666666,2.5895,1.0295,1.2630000000000001,0.41950000000000004,0.0,0.6331666666666667,4.946833333333333,5.39,5.298500000000001,4.717333333333333,3.6873333333333336,3.249,9.9005,2.5021666666666667,2.5768333333333335,2.1903333333333332,2.9988333333333332,1.9111666666666667,1.5538333333333334,1.5193333333333332,1.8246666666666667,2.5893333333333337,2.8095,2.4361666666666664,5.833833333333333,5.122333333333333,2.6108333333333333,4.776,4.763999999999999,4.412000000000001,3.9155,4.882333333333333,5.234333333333334,4.731833333333333,7.2555,6.188999999999999
4278,12.765666666666668,7.236166666666667,7.796666666666667,3.579,4.383,5.0005,5.248,7.430666666666666,7.751333333333333,7.066999999999999,6.736833333333333,6.238333333333333,6.259166666666667,7.216166666666667,7.340333333333334,6.410166666666667,5.7491666666666665,4.974833333333334,7.026666666666667,5.933666666666666,5.285833333333333,5.0155,4.9705,4.610333333333333,4.726833333333333,4.4191666666666665,4.0475,3.9746666666666663,5.8865,3.141,4.2025,5.367500000000001,5.374,4.465333333333334,4.888166666666667,3.6578333333333335,2.9836666666666667,1.4236666666666666,1.6571666666666667,0.8136666666666666,0.6331666666666667,0.0,5.58,6.023166666666667,5.931666666666667,5.350499999999999,4.3205,3.882166666666667,10.533833333333332,3.1353333333333335,3.21,2.8235,3.6319999999999997,2.5443333333333333,2.187,2.1525000000000003,2.4578333333333333,3.2224999999999997,3.4426666666666668,3.0693333333333332,6.467,5.7555,3.2439999999999998,5.409166666666667,5.397166666666666,5.045166666666666,4.548666666666667,5.5155,5.867500000000001,5.364999999999999,7.8886666666666665,6.822166666666666
4378,10.116833333333334,6.843166666666666,5.161833333333333,6.032166666666667,6.836166666666667,7.453666666666667,7.7011666666666665,9.883833333333333,10.2045,9.316166666666668,8.975166666666667,8.6915,8.712333333333333,8.426666666666668,8.294833333333333,8.863333333333333,8.202166666666667,7.428,9.479833333333334,8.386833333333334,7.739,4.166833333333333,4.577333333333333,2.4923333333333333,2.789833333333333,1.9971666666666665,1.9295,0.8290000000000001,1.445,5.537166666666667,6.269833333333334,7.434833333333333,6.954833333333334,6.3065,6.729166666666667,5.2385,6.682,5.122,5.355666666666666,4.512166666666667,4.092666666666667,4.725833333333333,0.0,8.0905,7.999,0.909,3.658166666666667,6.335333333333334,6.092333333333333,5.5885,5.663166666666667,5.276666666666667,6.668833333333334,5.9045,5.547166666666667,5.512666666666666,5.2219999999999995,4.470166666666667,4.690333333333333,4.7330000000000005,5.2705,1.3141666666666665,4.824833333333333,0.9676666666666667,7.850333333333333,7.498333333333333,7.001666666666667,7.968666666666667,8.320666666666666,1.9675,6.328,2.4641666666666664
4382,15.7175,10.187999999999999,10.748333333333333,5.251333333333333,6.055166666666667,6.672833333333333,6.920166666666666,9.102833333333333,9.423499999999999,8.739166666666668,8.409166666666668,7.910666666666667,7.9315,8.888333333333332,9.012666666666666,8.0825,7.421333333333333,6.647166666666666,8.699000000000002,7.605833333333334,6.958166666666667,7.967333333333333,7.922166666666667,7.562,7.678666666666667,7.3709999999999996,6.9991666666666665,6.926333333333333,8.725833333333332,4.829833333333334,2.1771666666666665,2.2133333333333334,1.4333333333333333,1.9185,2.341333333333333,2.4838333333333336,6.462833333333333,4.737,5.1365,5.4159999999999995,5.137333333333333,5.7705,8.35,0.0,0.8771666666666668,7.367333333333334,7.272333333333333,5.554333333333333,12.680833333333334,4.807666666666666,4.8821666666666665,4.495833333333334,4.301833333333334,4.3445,4.3020000000000005,3.9506666666666663,3.564,5.457166666666667,5.160166666666667,4.7415,9.418666666666667,8.594833333333334,5.4425,8.2485,7.069333333333334,6.7175,6.220833333333333,7.187833333333333,7.539666666666666,8.316833333333333,10.840333333333332,9.745000000000001
4388,14.840333333333332,9.310833333333333,9.871333333333332,4.3741666666666665,5.178,5.7956666666666665,6.043166666666666,8.225666666666667,8.546333333333333,7.862,7.532,7.0335,7.054333333333333,8.011166666666666,8.1355,7.205333333333333,6.5441666666666665,5.77,7.821833333333333,6.728666666666667,6.081,7.090166666666667,7.045,6.6850000000000005,6.8015,6.493833333333333,6.122166666666667,6.049166666666666,7.848666666666667,3.9526666666666666,1.3,1.3361666666666667,0.5561666666666666,1.0413333333333332,1.4641666666666666,1.6066666666666667,5.585666666666667,3.8598333333333334,4.259333333333333,4.538833333333333,4.260166666666667,4.8933333333333335,7.472833333333333,1.992,0.0,6.490166666666667,6.395166666666666,4.677333333333333,11.803666666666667,3.9305000000000003,4.005,3.618666666666667,3.4246666666666665,3.4673333333333334,3.4248333333333334,3.0735,2.6868333333333334,4.58,4.283,3.8643333333333336,8.541500000000001,7.717833333333333,4.565333333333333,7.371333333333333,6.192166666666666,5.840333333333334,5.343666666666667,6.310666666666666,6.6626666666666665,7.439666666666667,9.963166666666666,8.867833333333333
4393,10.146833333333332,7.2891666666666675,5.191666666666666,5.263,6.066833333333333,6.6845,6.9318333333333335,9.1145,9.435166666666667,8.547,8.206,7.922333333333333,7.9431666666666665,7.6575,7.525666666666667,8.094166666666666,7.433000000000001,6.658666666666666,8.7105,7.617500000000001,6.969833333333333,4.612833333333333,5.0233333333333325,2.9383333333333335,3.2358333333333333,2.443166666666667,2.3755,1.275,1.475,4.843833333333333,5.952333333333333,7.117333333333334,7.1738333333333335,6.215333333333334,6.638,5.4905,7.128,5.568,5.801666666666667,4.958166666666667,4.538666666666667,5.171833333333334,0.9826666666666667,7.773166666666667,7.6815,0.0,4.104166666666667,5.566,6.122166666666667,4.819333333333334,4.893833333333333,4.507499999999999,5.899666666666667,5.416833333333333,5.190833333333333,4.839333333333333,4.452833333333333,4.422666666666667,4.458166666666667,4.039666666666666,5.7165,1.344,5.270833333333333,0.9976666666666667,7.081,6.729166666666667,6.2325,7.1995000000000005,7.551333333333333,2.4135,6.774,2.4941666666666666
4397,9.182500000000001,4.863833333333333,4.2135,6.921666666666667,7.725499999999999,8.343166666666667,8.590499999999999,10.773166666666667,11.093833333333333,10.409500000000001,10.0795,9.581,9.601833333333333,10.256833333333333,10.125,9.752833333333333,9.091666666666667,8.3175,10.369333333333334,9.276166666666667,8.6285,2.1875,2.598,1.2006666666666668,1.4758333333333333,2.5733333333333333,2.506666666666667,2.6486666666666663,4.560666666666666,6.483666666666666,6.032,7.197,6.717,6.068666666666667,6.491333333333333,5.0008333333333335,6.6645,5.1045,5.337999999999999,4.4945,4.075,4.708166666666667,4.254166666666666,7.852833333333334,7.761166666666667,4.0245,0.0,7.224666666666667,9.207833333333333,6.478,6.552499999999999,6.166166666666667,6.974500000000001,5.886833333333333,5.5295,5.495166666666666,5.800333333333333,5.610833333333333,5.831,5.873666666666667,3.291166666666667,4.429666666666666,4.208166666666667,4.083166666666667,8.739666666666666,8.387833333333333,7.891166666666667,8.858166666666667,9.21,3.7771666666666666,4.712833333333333,5.496333333333333
4400,13.977833333333333,9.820666666666666,10.166333333333334,0.8856666666666667,1.1598333333333335,1.1185,1.3658333333333335,3.5484999999999998,3.8691666666666666,3.184833333333333,2.854833333333333,2.356333333333333,2.3771666666666667,3.5901666666666667,3.4581666666666666,2.528,1.867,2.2813333333333334,3.1445,3.2401666666666666,1.4036666666666666,7.6,7.554833333333334,6.867333333333334,7.164833333333333,6.676333333333333,6.3045,6.2316666666666665,6.9055,3.0095,3.508666666666667,4.673500000000001,4.73,3.7715,4.194333333333334,3.046666666666667,5.533833333333333,3.9738333333333333,4.2075,3.7363333333333335,3.3168333333333333,3.9501666666666666,6.5296666666666665,5.3293333333333335,5.237833333333333,5.547,6.905,0.0,10.2735,2.260166666666667,1.3258333333333332,1.9780000000000002,3.455833333333333,2.973,2.747,2.3956666666666666,2.009,3.6368333333333336,3.3396666666666666,2.9211666666666667,9.0515,6.774500000000001,5.8285,6.428166666666667,1.5150000000000001,1.966,1.8551666666666666,1.6333333333333333,1.9853333333333334,7.449833333333333,10.473,7.924666666666667
4408,8.939166666666667,13.779333333333334,9.266166666666667,10.331833333333332,11.135666666666667,9.648833333333332,9.376166666666668,11.5205,11.199833333333334,10.284500000000001,9.943333333333333,10.247333333333334,10.339666666666666,9.394833333333334,9.263,10.037,9.482833333333334,11.7275,10.7605,12.080166666666665,10.855500000000001,11.103,11.513499999999999,9.428500000000001,9.725999999999999,8.933333333333334,8.865666666666668,7.765166666666667,7.965166666666667,9.912666666666667,11.021166666666666,12.186166666666667,12.242666666666667,11.284166666666666,11.706833333333332,10.559166666666666,13.0465,11.486500000000001,11.72,11.249,10.8295,11.462666666666667,7.589333333333333,12.842,12.750333333333334,6.6066666666666665,10.594333333333333,10.386166666666666,0.0,9.888,9.962666666666667,9.576166666666667,10.968333333333334,10.485666666666667,10.259666666666668,9.908166666666666,9.5215,9.526666666666667,9.527,9.108333333333333,12.206666666666667,7.8341666666666665,11.761,7.487833333333333,10.966666666666667,11.797833333333333,11.301333333333334,10.163833333333335,10.515833333333335,8.903666666666668,12.837166666666667,8.984333333333332
4412,13.504666666666667,9.347666666666667,9.693166666666666,1.9835,2.7875,3.4050000000000002,3.6525000000000003,5.835166666666667,6.155833333333334,5.471500000000001,5.141333333333334,4.642833333333333,4.663666666666667,5.620666666666667,5.744833333333333,4.814666666666667,4.1535,3.3793333333333333,5.431166666666667,4.338166666666667,3.6903333333333332,7.127,7.081833333333334,6.394333333333334,6.691833333333333,6.203333333333333,5.8315,5.758666666666667,6.4325,2.5363333333333333,3.0356666666666663,4.2005,4.257,3.2984999999999998,3.721166666666667,2.5736666666666665,5.060833333333333,3.5008333333333335,3.7344999999999997,3.2633333333333336,2.8438333333333334,3.477,6.056666666666667,4.856333333333334,4.764666666666667,5.074,6.432,2.2866666666666666,10.387333333333334,0.0,0.9343333333333333,0.31183333333333335,2.9828333333333332,2.5,2.274,1.9226666666666667,1.536,3.1636666666666664,2.8666666666666667,2.4481666666666664,8.578333333333335,6.3015,5.3555,5.955166666666667,3.8015,3.4496666666666664,2.9530000000000003,3.92,4.272,6.976833333333333,10.0,7.451666666666667
4413,13.331999999999999,9.175,9.5205,1.0491666666666668,1.8531666666666666,2.470666666666667,2.718166666666667,4.900833333333334,5.221500000000001,4.537166666666667,4.207,3.7085,3.7293333333333334,4.686333333333334,4.8105,3.880333333333333,3.2191666666666667,2.445,4.496833333333333,3.403833333333333,2.7560000000000002,6.9543333333333335,6.909166666666667,6.221666666666667,6.519166666666666,6.0305,5.658833333333333,5.586,6.259833333333333,2.3636666666666666,2.8628333333333336,4.027833333333333,4.084333333333333,3.1258333333333335,3.5484999999999998,2.4010000000000002,4.888166666666667,3.3281666666666667,3.5616666666666665,3.0906666666666665,2.6711666666666667,3.304333333333333,5.883833333333333,4.683666666666666,4.592,4.901333333333333,6.259333333333333,1.3523333333333334,10.214666666666666,0.9343333333333333,0.0,0.6521666666666667,2.81,2.3273333333333333,2.1013333333333333,1.75,1.3631666666666669,2.991,2.694,2.2753333333333337,8.405666666666667,6.128833333333334,5.182833333333334,5.7825,2.8673333333333333,2.515333333333333,2.018666666666667,2.9856666666666665,3.3376666666666663,6.804166666666666,9.827333333333334,7.278833333333334
4414,13.192833333333335,9.035833333333333,9.381499999999999,1.7013333333333334,2.505333333333333,3.1228333333333333,3.3703333333333334,5.553,5.873666666666667,5.189333333333334,4.859166666666667,4.360666666666666,4.3815,5.3385,5.462666666666666,4.5325,3.8713333333333333,3.097166666666667,5.149,4.056,3.408166666666667,6.815166666666667,6.77,6.0825,6.38,5.891333333333334,5.519666666666667,5.446833333333333,6.120666666666667,2.2245,2.7238333333333333,3.8886666666666665,3.9451666666666667,2.9866666666666664,3.4095,2.2618333333333336,4.749,3.189,3.4226666666666667,2.9515000000000002,2.5319999999999996,3.1651666666666665,5.744833333333333,4.5445,4.452833333333333,4.762166666666667,6.120166666666666,2.0044999999999997,10.0755,0.31183333333333335,0.6521666666666667,0.0,2.671,2.1881666666666666,1.9621666666666668,1.6108333333333333,1.2241666666666666,2.852,2.5548333333333333,2.1363333333333334,8.2665,5.9896666666666665,5.043666666666667,5.6433333333333335,3.5193333333333334,3.1675,2.6708333333333334,3.6378333333333335,3.989833333333333,6.665,9.688166666666666,7.139833333333333
4420,14.570333333333334,9.7065,10.266833333333333,4.0235,4.827333333333333,5.444999999999999,5.692333333333334,7.875,8.195666666666666,7.511333333333334,7.181333333333333,6.682833333333334,6.703666666666667,7.6605,7.784833333333333,6.8545,6.1935,5.4191666666666665,7.471,6.378,5.730333333333333,7.485833333333333,7.440666666666667,7.0805,7.197166666666666,6.8895,6.517833333333333,6.444833333333333,7.498,3.6018333333333334,4.000333333333334,5.165333333333334,5.2218333333333335,4.263333333333334,4.686000000000001,3.5385,5.419666666666667,3.859666666666667,4.093333333333333,3.6221666666666668,3.2026666666666666,3.8358333333333334,7.122166666666667,5.821166666666667,5.7295,6.1395,6.7908333333333335,4.326499999999999,11.453,3.5796666666666668,3.654333333333333,3.2678333333333334,0.0,1.2916666666666667,1.649,1.869,2.255666666666667,3.932,3.932166666666667,3.5136666666666665,8.937166666666666,7.367,5.714333333333333,7.020666666666667,5.8415,5.4896666666666665,4.992999999999999,5.96,6.311833333333333,7.835333333333334,10.358833333333333,8.517166666666666
4421,13.278666666666668,8.414833333333332,8.975333333333333,2.7318333333333333,3.5356666666666663,4.153333333333333,4.400833333333334,6.583333333333333,6.904,6.219666666666667,5.889666666666667,5.391166666666667,5.412000000000001,6.368833333333333,6.493166666666666,5.563,4.901833333333333,4.1275,6.1795,5.086333333333333,4.438666666666666,6.194166666666666,6.149,5.789,5.9055,5.597833333333333,5.226166666666667,5.153333333333333,6.206333333333333,2.3103333333333333,2.708833333333333,3.8736666666666664,3.9301666666666666,2.9716666666666667,3.3945,2.2468333333333335,4.128,2.568,2.8016666666666667,2.3306666666666667,1.9111666666666667,2.5443333333333333,5.8305,4.5295,4.437833333333333,4.847833333333333,5.4991666666666665,3.0348333333333333,10.161333333333333,2.2881666666666667,2.3626666666666667,1.9763333333333333,1.2088333333333334,0.0,0.35733333333333334,0.5773333333333334,0.9640000000000001,2.640333333333333,2.6406666666666667,2.222,7.645666666666667,6.075333333333333,4.422666666666667,5.729,4.549833333333334,4.1979999999999995,3.7013333333333334,4.668333333333334,5.020166666666666,6.543666666666667,9.067333333333332,7.225499999999999
4422,13.0295,8.0575,8.618,2.482666666666667,3.2864999999999998,3.904166666666667,4.1515,6.3341666666666665,6.654833333333333,5.9705,5.6405,5.1419999999999995,5.162833333333333,6.119666666666666,6.244,5.313833333333333,4.652666666666667,3.878333333333333,5.9303333333333335,4.837166666666667,4.1895,5.836833333333333,5.791833333333333,5.431666666666667,5.548166666666666,5.2405,4.868833333333333,4.796,5.957166666666667,2.061166666666667,2.4828333333333332,3.647666666666667,3.704333333333333,2.7456666666666667,3.1685000000000003,2.0208333333333335,3.7706666666666666,2.2108333333333334,2.4443333333333332,1.9733333333333334,1.5538333333333334,2.187,5.581333333333333,4.3035,4.211833333333334,4.598666666666667,5.1418333333333335,2.7856666666666663,9.912166666666668,2.039,2.1135,1.7271666666666665,1.5661666666666667,0.35733333333333334,0.0,0.35133333333333333,0.738,2.283166666666667,2.3915,1.9728333333333334,7.288333333333333,5.8261666666666665,4.065333333333333,5.479833333333334,4.300666666666667,3.9488333333333334,3.4521666666666664,4.4191666666666665,4.771,6.186333333333334,8.71,6.976333333333333
4423,12.701333333333334,8.023166666666667,8.583499999999999,2.1545,2.9583333333333335,3.576,3.8233333333333333,6.006,6.326666666666667,5.642333333333334,5.312333333333333,4.813833333333333,4.834666666666666,5.7915,5.9158333333333335,4.985666666666666,4.3245000000000005,3.5501666666666667,5.602,4.509,3.8613333333333335,5.802499999999999,5.757333333333333,5.397166666666666,5.513833333333333,5.206166666666666,4.8345,4.7615,5.6290000000000004,1.7328333333333332,2.1315,3.2963333333333336,3.3528333333333333,2.3943333333333334,2.817,1.6695,3.7363333333333335,2.1763333333333335,2.4099999999999997,1.9388333333333334,1.5193333333333332,2.1525000000000003,5.253166666666667,3.9521666666666664,3.8605,4.2705,5.1075,2.4575,9.584,1.7106666666666668,1.7853333333333334,1.3988333333333334,1.7861666666666667,0.5773333333333334,0.35133333333333333,0.0,0.38666666666666666,2.2486666666666664,2.0631666666666666,1.6446666666666667,7.253833333333334,5.498,4.031000000000001,5.151666666666667,3.9724999999999997,3.6206666666666667,3.124,4.091,4.442833333333334,6.152,8.6755,6.648166666666667
4424,12.439666666666666,8.282666666666666,8.628166666666667,1.8928333333333331,2.696833333333333,3.3143333333333334,3.5618333333333334,5.7445,6.065166666666667,5.380833333333333,5.050666666666667,4.5521666666666665,4.5729999999999995,5.53,5.654166666666667,4.724,4.062833333333334,3.2886666666666664,5.3405000000000005,4.2475,3.5996666666666663,6.062,6.0168333333333335,5.3293333333333335,5.626833333333334,5.138166666666667,4.7665,4.693666666666667,5.367500000000001,1.4713333333333334,1.7446666666666668,2.909666666666667,2.9661666666666666,2.0076666666666667,2.430333333333333,1.2828333333333333,3.995833333333333,2.4358333333333335,2.6693333333333333,2.1983333333333333,1.7788333333333335,2.412,4.9915,3.5655,3.4738333333333333,4.0089999999999995,5.367,2.1959999999999997,9.322333333333335,1.4491666666666667,1.5238333333333334,1.1373333333333333,1.6918333333333335,0.9640000000000001,0.738,0.38666666666666666,0.0,2.098666666666667,1.8016666666666665,1.3831666666666667,7.513333333333334,5.2365,4.241333333333333,4.89,3.711,3.359,2.8623333333333334,3.829333333333333,4.181333333333333,5.911833333333333,8.935,6.3865
4425,12.4985,8.956666666666667,7.9046666666666665,3.116,3.9198333333333335,4.5375,4.785,6.9675,7.288166666666667,6.603833333333333,6.273833333333333,5.775333333333333,5.796166666666666,6.753,6.8773333333333335,5.947166666666666,5.2860000000000005,4.511666666666667,6.563666666666666,5.4705,4.8228333333333335,6.280333333333333,6.690833333333333,4.605833333333334,4.903333333333333,4.414666666666666,4.043,3.9701666666666666,4.8229999999999995,1.643,3.8055000000000003,4.9703333333333335,5.026833333333333,4.068333333333333,4.491,3.3435,4.806333333333333,3.2463333333333333,3.479833333333333,3.0088333333333335,2.5893333333333337,3.2224999999999997,4.447166666666666,5.626166666666666,5.5344999999999995,3.4645,5.620500000000001,3.4189999999999996,8.777999999999999,2.6723333333333334,2.7468333333333335,2.3605,3.752666666666667,2.640333333333333,2.283166666666667,2.222,2.305833333333333,0.0,0.4121666666666667,0.7156666666666667,7.384,4.691999999999999,5.101,4.345666666666667,4.934,4.582166666666667,4.0855,5.052499999999999,5.404333333333333,5.3605,8.4415,5.8421666666666665
4426,12.201500000000001,8.838666666666667,7.786666666666666,2.819,3.6228333333333333,4.2405,4.487833333333333,6.6705000000000005,6.991166666666667,6.3068333333333335,5.976833333333333,5.4783333333333335,5.4991666666666665,6.456,6.580333333333333,5.65,4.989,4.214666666666667,6.2665,5.173500000000001,4.525666666666667,6.162333333333334,6.5728333333333335,4.487833333333333,4.785333333333333,4.296666666666667,3.925,3.8521666666666667,4.526,1.3458333333333334,3.5083333333333333,4.673333333333333,4.729833333333334,3.771333333333333,4.194,3.0463333333333336,4.933333333333334,3.3733333333333335,3.6069999999999998,3.136,2.7165000000000004,3.3496666666666663,4.150166666666666,5.329,5.2375,3.1675,5.5024999999999995,3.122,8.481,2.3751666666666664,2.4498333333333333,2.0633333333333335,3.4555000000000002,2.502333333333333,2.2531666666666665,1.925,2.0086666666666666,0.4121666666666667,0.0,0.4185,7.266,4.395,5.228,4.048666666666667,4.6370000000000005,4.285,3.7885,4.755333333333334,5.107333333333333,5.070333333333334,8.323500000000001,5.545166666666666
4430,11.782833333333334,8.420166666666667,7.368166666666666,2.4003333333333337,3.204333333333333,3.821833333333333,4.069333333333334,6.251833333333334,6.572500000000001,5.888166666666667,5.558166666666667,5.059666666666667,5.0805,6.037333333333334,6.161666666666666,5.2315,4.570333333333334,3.7961666666666667,5.848,4.754833333333334,4.107166666666667,5.743833333333333,6.154333333333333,4.069166666666667,4.366833333333333,3.8781666666666665,3.506333333333333,3.4335,4.107333333333333,0.9273333333333333,3.089833333333333,4.254666666666667,4.311166666666667,3.3526666666666665,3.7755,2.6278333333333332,4.514833333333333,2.954833333333333,3.1883333333333335,2.7173333333333334,2.2978333333333336,2.931,3.7314999999999996,4.9105,4.818833333333333,2.7488333333333332,5.083833333333333,2.7035,8.062333333333333,1.9566666666666668,2.0311666666666666,1.6448333333333334,3.037,2.083833333333333,1.8346666666666667,1.5063333333333333,1.5901666666666665,0.7156666666666667,0.4185,0.0,6.8475,3.9765,4.8095,3.6300000000000003,4.218333333333333,3.8665000000000003,3.3698333333333332,4.336833333333333,4.688833333333333,4.651833333333333,7.905,5.126499999999999
4432,9.465333333333332,4.606166666666667,4.496333333333333,8.776333333333334,9.580166666666665,10.197833333333334,10.445166666666667,12.627833333333333,12.9485,12.264166666666666,11.934166666666666,11.435666666666666,11.4565,11.529,11.397166666666667,11.6075,10.946333333333333,10.172,12.223833333333333,11.130833333333333,10.483166666666667,1.9298333333333335,2.3405,2.4728333333333334,3.4513333333333334,3.8455,3.778833333333333,3.9208333333333334,5.832833333333334,7.95,7.753333333333333,8.918166666666668,8.438166666666667,7.789833333333333,8.212666666666667,6.7219999999999995,8.519,6.9591666666666665,7.192666666666667,6.349166666666666,5.929666666666666,6.562833333333333,5.526333333333333,9.574000000000002,9.4825,5.296666666666667,3.1233333333333335,9.079333333333333,10.479999999999999,8.3325,8.407166666666667,8.020833333333334,8.717666666666666,7.7415,7.384166666666667,7.349833333333334,7.655,6.883,7.103166666666667,7.145833333333333,0.0,5.701833333333334,5.9295,5.355333333333333,10.594333333333333,10.2425,9.745833333333334,10.712833333333332,11.064666666666666,5.049333333333333,3.6693333333333333,6.7685
4434,9.619,8.029,4.663833333333333,6.452833333333333,7.256833333333334,7.874333333333333,8.121833333333333,10.304499999999999,10.625166666666667,9.736833333333333,9.395833333333334,9.112166666666667,9.133000000000001,8.847333333333333,8.715499999999999,9.283999999999999,8.622833333333334,7.848666666666667,9.9005,8.807500000000001,8.159666666666666,5.352666666666667,5.763333333333334,3.678166666666667,3.9756666666666667,3.1831666666666667,3.115333333333333,2.0148333333333333,1.2651666666666666,6.033833333333333,7.142333333333334,8.307166666666667,8.140666666666666,7.405166666666667,7.828,6.4245,7.867999999999999,6.308000000000001,6.5415,5.6979999999999995,5.278499999999999,5.911666666666666,2.3123333333333336,8.963,8.871333333333332,1.3296666666666668,4.843999999999999,6.756,6.513,6.009166666666667,6.083666666666667,5.697333333333333,7.0895,6.6066666666666665,6.3806666666666665,6.029333333333333,5.642666666666667,5.6125,5.648166666666667,5.2295,6.456333333333333,0.0,6.010666666666666,0.3463333333333333,8.270833333333334,7.919,7.422333333333333,8.389333333333333,8.741333333333333,2.378833333333333,6.8469999999999995,2.2843333333333335
5126,11.702833333333333,6.011833333333333,6.733833333333333,5.495666666666667,6.2995,6.917166666666666,7.164666666666666,9.347166666666668,9.667833333333334,8.9835,8.653500000000001,8.155,8.175833333333333,9.132666666666667,9.257,8.326833333333333,7.665666666666667,6.891333333333334,8.943333333333333,7.8501666666666665,7.2025,3.791166666666667,3.746166666666667,3.894833333333333,3.8378333333333337,4.136,3.7643333333333335,3.6915,5.6033333333333335,5.057666666666666,3.9175,5.082333333333334,4.602333333333333,3.954,4.376833333333334,2.8861666666666665,5.2385,3.6785,3.912,3.0685000000000002,2.649,3.282166666666667,5.296833333333334,5.738166666666667,5.6465000000000005,5.067333333333334,3.4314999999999998,5.798666666666667,10.250499999999999,5.0520000000000005,5.126499999999999,4.740166666666667,4.881833333333334,4.4608333333333325,4.1035,4.069166666666667,4.144,5.139166666666667,5.359166666666667,4.985833333333333,5.242666666666667,5.472333333333333,0.0,5.126,7.313666666666666,6.961833333333333,6.465166666666667,7.432166666666666,7.784000000000001,5.081833333333334,6.664333333333333,6.539
5320,9.2725,7.682666666666666,4.3175,6.1065,6.910333333333333,7.5280000000000005,7.775333333333333,9.958,10.278666666666668,9.3905,9.0495,8.765833333333335,8.786666666666667,8.501,8.369166666666667,8.937666666666667,8.2765,7.502166666666667,9.554,8.461,7.8133333333333335,5.006333333333333,5.416833333333333,3.3318333333333334,3.6293333333333333,2.8366666666666664,2.7689999999999997,1.6685,0.9188333333333334,5.687333333333333,6.796,7.9608333333333325,7.794333333333333,7.058833333333333,7.4815,6.078,7.5215000000000005,5.9615,6.195166666666666,5.3516666666666675,4.932166666666666,5.565333333333333,1.9658333333333333,8.616666666666667,8.525,0.9833333333333333,4.4976666666666665,6.4094999999999995,6.1665,5.662833333333333,5.737333333333334,5.351,6.743166666666666,6.2603333333333335,6.0343333333333335,5.683000000000001,5.296333333333333,5.266166666666667,5.301666666666667,4.883166666666667,6.11,0.3463333333333333,5.664333333333333,0.0,7.9245,7.572666666666667,7.076,8.043,8.394833333333333,2.230166666666667,6.500666666666667,1.9378333333333333
6420,15.112333333333334,10.955333333333334,11.300833333333333,2.0201666666666664,2.2944999999999998,1.7841666666666667,2.0315,4.214166666666666,4.534833333333333,3.8505,3.5204999999999997,3.022,3.0428333333333333,4.255833333333333,4.124,3.193833333333333,2.5326666666666666,3.416,3.8103333333333333,4.374833333333333,0.8288333333333333,8.734666666666667,8.6895,8.002,8.2995,7.810833333333333,7.439166666666667,7.366333333333333,8.040166666666668,4.144,4.6433333333333335,5.808166666666667,5.8646666666666665,4.906166666666667,5.328833333333334,4.181333333333333,6.6685,5.1085,5.342,4.8709999999999996,4.451499999999999,5.084666666666666,7.664333333333333,6.4639999999999995,6.372333333333333,6.681666666666667,8.039666666666667,1.1346666666666667,10.939166666666667,3.394833333333333,2.4605,3.1126666666666667,4.5905000000000005,4.107666666666667,3.881666666666667,3.530333333333333,3.143666666666667,4.7715000000000005,4.474333333333333,4.055833333333333,10.186,7.909166666666667,6.963166666666667,7.562833333333333,0.0,3.1005,2.9896666666666665,2.2991666666666664,2.6510000000000002,8.5845,11.607666666666667,9.059166666666666
6431,15.2775,11.120333333333333,11.466000000000001,1.5183333333333333,2.6045000000000003,1.8468333333333333,2.0941666666666667,4.276833333333333,4.5975,3.9131666666666667,3.5831666666666666,3.0846666666666667,2.6854999999999998,2.890833333333333,3.5728333333333335,3.2565,2.5953333333333335,0.6495,3.472666666666667,1.6083333333333334,2.780666666666667,8.899666666666667,8.854666666666667,8.167,8.464666666666666,7.976,7.604333333333333,7.531333333333333,8.205166666666667,4.309166666666667,4.808333333333334,5.973333333333333,6.029833333333333,5.071166666666667,5.494,4.346333333333333,6.833666666666667,5.273666666666667,5.5071666666666665,5.036166666666667,4.616666666666666,5.249833333333333,7.8293333333333335,6.6290000000000004,6.5375,6.846666666666667,8.204666666666666,2.181,11.001833333333334,3.559833333333333,2.6255,3.2776666666666667,4.7555,4.272666666666667,4.046833333333334,3.695333333333333,3.308666666666667,4.9365,4.6395,4.220833333333333,10.351166666666668,8.074166666666667,7.128166666666667,7.727833333333334,2.891833333333333,0.0,0.5078333333333334,2.3618333333333337,2.7136666666666667,8.749666666666666,11.772833333333333,9.224333333333334
6432,14.780833333333334,10.623833333333332,10.969333333333333,1.0216666666666667,2.1078333333333332,2.2984999999999998,2.5458333333333334,4.7284999999999995,5.049166666666666,4.364833333333333,4.034833333333333,3.5363333333333333,3.038,3.243333333333333,3.9251666666666667,3.7081666666666666,3.0469999999999997,1.002,3.8251666666666666,1.9608333333333334,3.088,8.403,8.358,7.6705000000000005,7.968,7.479333333333333,7.107666666666666,7.034833333333333,7.708666666666667,3.8125,4.3116666666666665,5.4766666666666675,5.533166666666667,4.574666666666667,4.997333333333333,3.8498333333333337,6.337000000000001,4.777,5.0104999999999995,4.5395,4.12,4.753166666666667,7.332666666666666,6.132499999999999,6.0408333333333335,6.3501666666666665,7.708166666666667,1.6843333333333335,11.4535,3.0631666666666666,2.129,2.7811666666666666,4.2588333333333335,3.7761666666666667,3.5501666666666667,3.1986666666666665,2.812,4.4398333333333335,4.142833333333333,3.7241666666666666,9.8545,7.577666666666667,6.6315,7.231166666666667,3.1993333333333336,0.5078333333333334,0.0,2.8133333333333335,3.1653333333333333,8.253,11.276166666666667,8.727666666666666
6447,15.125333333333334,11.963833333333334,12.309500000000002,3.028833333333333,3.303,1.4058333333333333,1.3111666666666666,3.4938333333333333,3.8145000000000002,3.1301666666666668,2.8,2.3015,1.3453333333333333,3.5353333333333334,3.253833333333333,2.3365,1.8121666666666667,3.2745,2.6993333333333336,3.0858333333333334,2.6125,9.743166666666667,9.698,9.0105,9.308,8.819333333333333,8.447666666666667,8.374833333333333,9.048666666666666,5.1525,5.651833333333333,6.816666666666666,6.873166666666666,5.914666666666666,6.3373333333333335,5.1898333333333335,7.6770000000000005,6.117,6.350666666666667,5.879499999999999,5.46,6.093166666666666,8.672833333333333,7.4725,7.380833333333333,7.690166666666667,9.048166666666667,2.1431666666666667,10.218833333333333,4.403333333333333,3.469,4.121166666666666,5.599,5.116166666666667,4.890166666666667,4.538833333333333,4.152166666666667,5.78,5.482833333333334,5.064333333333334,11.1945,8.917666666666666,7.971666666666667,8.571333333333333,2.7236666666666665,3.9194999999999998,3.9983333333333335,0.0,0.35200000000000004,9.593,12.616166666666667,10.067833333333335
6448,15.477333333333332,12.315833333333334,12.661333333333333,3.380666666666667,3.6550000000000002,1.7578333333333334,1.663,3.845666666666667,4.166333333333333,3.4819999999999998,3.152,2.6535,1.6973333333333334,3.8873333333333333,3.6058333333333334,2.6883333333333335,2.1641666666666666,3.6263333333333336,3.0511666666666666,3.4378333333333333,2.9643333333333337,10.095,10.05,9.362333333333334,9.66,9.171333333333333,8.799666666666667,8.726666666666667,9.4005,5.504499999999999,6.003666666666667,7.168666666666667,7.2251666666666665,6.266666666666667,6.689333333333334,5.541666666666667,8.029,6.468999999999999,6.7025,6.2315,5.812,6.445166666666666,9.024666666666667,7.824333333333333,7.732833333333334,8.042,9.400166666666667,2.4949999999999997,10.570666666666666,4.755166666666667,3.8208333333333333,4.473,5.950833333333334,5.468166666666666,5.242166666666666,4.890666666666666,4.5040000000000004,6.131833333333334,5.834833333333333,5.416166666666667,11.5465,9.269666666666666,8.323500000000001,8.923166666666667,3.0756666666666663,4.2715000000000005,4.3501666666666665,0.35200000000000004,0.0,9.945,12.968166666666667,10.419666666666666
6521,10.8445,6.927333333333333,5.8755,7.587833333333333,8.391666666666667,9.009166666666665,9.256666666666666,11.439333333333334,11.76,10.871833333333333,10.530833333333334,10.247166666666667,10.268,9.982333333333335,9.8505,10.418833333333334,9.757833333333334,8.9835,11.035333333333334,9.942333333333332,9.2945,4.251,4.661666666666666,2.5765000000000002,2.874,1.2036666666666667,1.9785,1.7045,3.0556666666666668,6.403333333333333,7.135833333333333,8.300833333333333,7.820833333333334,7.1725,7.595166666666667,6.104666666666666,7.548,5.9879999999999995,6.221666666666667,5.378166666666667,4.958666666666667,5.591833333333333,3.187,8.956666666666667,8.865,2.7655000000000003,3.7423333333333333,7.890833333333333,7.948833333333334,7.144,7.218666666666667,6.832166666666667,7.8581666666666665,6.7705,6.413166666666667,6.378833333333334,6.684,5.336166666666667,5.556333333333333,5.599,5.354666666666666,2.2881666666666667,5.690833333333333,2.1395,9.405833333333334,9.053833333333333,8.557333333333334,9.524166666666668,9.876166666666668,0.0,6.412166666666667,1.9036666666666666
6572,9.4445,6.213333333333334,4.475499999999999,10.4725,11.276333333333334,11.894,12.141333333333334,14.324000000000002,14.644666666666666,13.7815,13.440499999999998,13.131833333333333,13.152666666666667,12.892,12.760166666666667,13.303666666666667,12.6425,11.868166666666667,13.920166666666667,12.827,12.179333333333334,3.626,4.036666666666666,3.8356666666666666,4.814333333333334,5.2085,5.141666666666667,5.283833333333333,7.195666666666667,9.312999999999999,9.4495,10.614333333333333,10.134333333333332,9.485999999999999,9.908833333333332,8.418166666666666,10.215333333333332,8.655333333333335,8.888833333333334,8.045333333333334,7.6258333333333335,8.259,6.889166666666667,11.270166666666666,11.178666666666667,6.659666666666666,4.631,10.7755,11.843,10.028833333333333,10.103333333333333,9.717,10.413833333333335,9.437666666666667,9.080333333333334,9.046,9.351166666666668,8.245833333333334,8.466,8.508666666666667,3.4466666666666668,6.906499999999999,7.625666666666667,6.5601666666666665,12.2905,11.938666666666668,11.442,12.408999999999999,12.760833333333332,6.412166666666667,0.0,8.131333333333334
6595,10.136500000000002,6.781833333333334,5.181333333333333,6.051833333333334,6.855666666666666,7.473333333333333,7.720666666666667,9.903333333333334,10.224,9.335833333333333,8.994833333333334,8.711166666666665,8.732,8.446333333333333,8.3145,8.883000000000001,8.221833333333333,7.447666666666667,9.499500000000001,8.406333333333333,7.758666666666667,4.1055,4.516,2.430833333333333,2.7285,1.9358333333333335,1.8679999999999999,0.7676666666666667,1.4646666666666666,5.475833333333333,6.2085,7.373333333333333,6.8933333333333335,6.245,6.667833333333333,5.1771666666666665,6.620666666666667,5.060666666666666,5.2941666666666665,4.450666666666667,4.031333333333333,4.664333333333333,1.8173333333333335,8.029166666666667,7.937666666666667,0.9286666666666666,3.5966666666666667,6.354833333333334,6.111833333333333,5.6081666666666665,5.682666666666666,5.296333333333333,6.6885,5.843,5.485666666666666,5.451333333333333,5.241666666666666,4.408833333333333,4.628833333333334,4.6715,5.2091666666666665,1.3336666666666666,4.7635,0.9873333333333334,7.869833333333333,7.518,7.021333333333333,7.988333333333333,8.340166666666667,1.906,6.2665,0.0
