,0,1,2536,3057,3058,3059,3060,3061,3062,3063,3064,3065,3066,3067,3068,3070,3083,3088,3090,3100,3121,3127,3636,3637,3638,3639,3640,3641,3642,3643,3644,3645,3646,3647,3648,3649,3650,3651,3652,3653,3654,3661,3663,3675,3688,3709,3710,3717,3720,3721,3727,3731,3740,3743,3744,3748,3751,6370,6371,6393,6396,6408,6419,6444,6450,6488,6515,6518,6535,6545,6550,6559,6592,10684,10698
0,0.0,7093.24,10631.61,4883.68,4647.46,7911.29,8274.33,8598.22,8397.88,6891.94,7793.84,7925.85,8444.15,8643.16,9000.34,8682.84,7675.15,11793.38,7562.07,8208.19,7582.5,8730.16,6403.35,8079.54,8426.38,8070.6,7394.3,7604.49,7476.01,7674.53,6916.83,8208.38,7578.76,7991.89,8505.13,9661.9,11312.84,10012.54,9404.78,9193.73,8247.2,9252.74,9970.48,9912.2,7260.75,9226.43,7270.85,7161.91,8171.04,7527.81,10967.22,9063.58,6831.8,8568.78,8596.03,8677.58,8938.62,7287.56,6068.57,9404.78,8647.73,8122.73,4835.72,9393.1,7900.99,7007.66,8033.34,7434.66,9491.4,7878.34,8697.62,8905.96,8164.84,8660.2,7751.84
1,7284.57,0.0,20209.5,10995.37,10759.15,17489.18,17852.22,18176.11,17975.77,12638.11,13540.01,13672.03,14190.32,14389.34,14746.51,14429.02,17253.04,17539.55,13308.25,17786.08,17160.39,14476.33,12515.04,17657.43,18004.27,17648.49,16972.19,17182.38,17053.9,17252.42,16494.72,17786.27,17156.65,17569.78,18083.02,19239.79,20890.73,19590.43,18982.67,18771.62,17825.09,18830.63,19548.37,19490.09,16838.64,18804.32,16848.74,16739.8,17748.93,17105.7,20545.12,18641.47,12943.49,18146.67,18173.92,18255.47,18516.51,16865.45,12180.26,18982.67,18225.62,17700.62,10947.41,15139.27,17478.88,16585.55,17611.23,17012.55,19069.29,17456.23,18275.51,14652.14,13911.02,18238.09,17329.73
2536,10103.43,19983.27,0.0,5366.3,5130.08,3264.32,3633.2,3275.88,3556.14,4561.18,5159.74,4802.15,4306.78,4353.84,4096.6,4157.47,3028.18,6889.64,5239.34,3561.22,2935.53,3977.89,4498.65,3432.57,1976.91,2181.77,2706.6,2916.8,2156.07,2222.47,3551.43,3136.89,3240.56,2652.88,2134.66,1026.29,794.79,645.0,1377.19,2995.68,3175.7,3320.04,4215.7,860.56,3266.31,3558.88,2429.95,3622.34,1894.23,3157.5,7543.81,3412.24,4262.03,2747.55,2498.59,2011.05,3420.46,2462.78,3565.21,1377.19,2496.26,3475.76,5318.34,4489.36,2751.96,3777.07,1904.49,3108.35,3911.06,2426.3,2767.22,4558.15,5083.48,3337.86,3413.64
3057,5031.34,14911.17,5337.17,0.0,306.91,3438.67,3801.71,4040.86,3925.26,4930.3,6574.78,6706.79,6794.59,6935.46,6985.55,6536.76,3962.24,9778.58,6343.01,3735.57,3697.71,6715.37,2121.56,3606.92,4970.99,4615.2,3938.9,4149.1,4436.59,4635.1,3271.32,2903.39,2949.7,2697.45,3210.69,4367.46,6018.4,4718.1,4110.35,3888.75,2942.21,3947.75,4665.49,4617.76,3781.44,3921.45,3625.34,3516.39,4715.64,2194.85,5662.24,3758.59,2550.0,3344.26,3301.59,3383.15,3633.63,3642.05,1786.78,4110.35,3353.29,3650.11,243.5,7378.3,2606.56,3528.35,4577.95,3551.71,4186.42,4838.92,3392.63,7139.78,6945.78,5204.81,2635.3
3058,4776.51,14656.34,5082.35,318.27,0.0,3183.84,3546.88,3786.04,3670.44,4675.48,6319.95,6451.97,6539.77,6680.64,6730.72,6281.93,3707.41,9523.76,6088.19,3480.74,3442.89,6460.54,1866.73,3352.09,4716.16,4360.38,3684.08,3894.27,4181.76,4380.28,3016.49,2648.56,2694.88,2442.63,2955.86,4112.63,5763.57,4463.28,3855.52,3633.92,2687.38,3692.92,4410.67,4362.93,3526.61,3666.62,3370.52,3261.57,4460.82,1940.02,5407.41,3503.77,2295.18,3089.44,3046.76,3128.32,3378.8,3387.23,1531.95,3855.52,3098.47,3395.28,188.27,7123.48,2351.73,3273.52,4323.13,3296.88,3931.59,4584.1,3137.81,6884.95,6690.96,4949.98,2380.48
3059,8100.11,17979.94,3243.75,3553.27,3317.05,0.0,440.62,679.78,564.18,1569.22,3556.62,3688.63,3433.51,3574.38,3624.46,3175.68,601.15,6417.5,3324.85,374.49,336.63,3354.28,1603.18,245.84,1609.9,1254.12,577.82,788.02,1075.51,1274.02,1422.65,3148.8,2513.4,2942.86,3456.1,4156.48,3913.53,3775.18,4355.75,4134.15,3187.62,4193.16,4910.9,3990.75,2195.38,4166.85,1230.83,1493.57,1354.56,2440.25,5907.64,4004.0,1620.47,3589.67,3547.0,3628.55,3879.04,1275.14,2032.18,4355.75,3598.7,211.81,3505.31,4017.22,2851.96,1648.29,1216.87,414.94,4431.82,1477.84,3638.04,3778.69,3927.62,1843.73,2880.71
3060,7518.16,18316.88,3580.68,3890.2,3653.98,464.07,0.0,357.42,227.78,1232.82,3220.22,3352.23,3086.49,3227.36,3277.45,2828.66,499.94,6070.48,2988.45,443.09,673.56,3007.27,1940.11,195.05,1752.8,1591.05,914.75,1124.95,1412.44,1610.95,1759.58,3485.73,2850.33,3279.79,3793.03,4493.41,3871.22,4112.11,4692.68,4471.08,3524.55,4530.09,5247.83,4327.68,2532.31,4503.78,1567.76,1830.5,1691.49,2777.18,6244.57,4340.93,1957.4,3926.6,3883.93,3965.48,4215.97,1612.07,2369.11,4692.68,3935.63,675.51,3842.24,3670.2,3188.89,1985.22,1553.8,751.87,4768.75,1814.77,3974.97,3431.68,3591.22,1496.71,3217.64
3061,7596.8,18641.99,3271.15,4129.35,3893.14,703.22,357.42,0.0,306.42,1311.46,3298.86,3224.54,2729.17,2870.04,2920.12,2471.33,739.1,5713.16,3067.09,682.25,912.72,2649.94,2179.26,434.21,1395.48,1164.74,1239.87,1450.07,1737.56,1936.07,2084.7,3724.88,3175.45,3518.94,4032.18,4183.88,3513.9,3802.59,4534.78,4710.24,3763.7,4769.24,5486.99,4018.16,2857.43,4742.94,1892.88,2155.62,1381.97,3016.34,6483.73,4580.09,2196.56,4165.76,4123.08,4204.64,4455.12,1937.19,2608.27,4534.78,5653.86,914.66,4081.4,3312.88,3428.05,2310.34,1878.92,991.02,5007.91,2139.89,4214.12,3074.35,3505.87,1139.38,3348.53
3062,7316.15,14382.07,3551.42,4013.75,3777.54,587.62,227.78,306.42,0.0,1030.82,3018.21,3150.23,3009.43,3150.3,3200.38,2751.6,623.5,5993.42,2786.45,566.65,797.12,2930.2,2063.66,318.61,1675.74,1445.0,1038.31,1248.5,1535.99,1734.51,1883.14,3609.28,2973.88,3403.34,3916.58,4464.15,3794.16,4082.85,4816.24,4594.64,3648.1,4653.64,5371.39,4298.42,2655.87,4627.34,1691.32,1954.05,1662.23,2900.74,6368.13,4464.49,2080.96,4050.16,4007.48,4089.04,4339.52,1735.62,2492.67,4816.24,4059.18,799.06,3965.8,3593.14,3312.45,2108.78,1677.35,875.42,4892.31,1938.33,4098.52,3354.61,3389.22,1419.65,3341.2
3063,6285.34,13351.25,4556.46,5018.8,4782.58,1592.66,1232.82,1311.46,1030.82,0.0,1987.4,2119.41,2637.71,2836.72,3193.9,2876.4,1628.54,5986.93,1755.63,1571.69,1802.16,2923.72,3068.7,1323.65,2680.78,2450.04,2043.35,2253.54,2541.03,2739.55,2888.18,4614.33,3978.92,4408.39,4921.62,5469.19,6136.34,5087.89,5821.28,5599.68,4653.14,5658.68,6376.43,5303.46,3660.91,5632.38,2696.36,2959.09,2667.27,3905.78,7373.17,5469.53,3086.0,5055.2,5012.52,5094.08,5344.56,2740.66,3497.71,5821.28,5064.23,1804.1,4970.84,3586.66,4317.49,3113.82,2682.4,1880.46,5897.35,2943.37,5103.57,3099.52,2358.4,2424.69,4346.24
3064,7187.24,14253.16,5178.33,6624.2,6387.98,3580.06,3220.22,3298.86,3018.21,1987.4,0.0,369.1,887.4,1086.41,1443.59,1126.09,3615.94,4236.63,316.69,3559.08,3789.55,1173.41,5056.1,3311.04,3914.53,3683.79,3758.92,3969.12,4256.61,4455.12,4603.75,6601.72,5694.5,6395.78,6909.02,6091.06,4386.03,5709.77,6441.96,8060.46,6640.54,7646.08,8363.82,5925.34,5376.49,7619.78,4411.94,4674.67,3901.02,5893.18,11742.77,7456.92,5073.4,7042.6,6999.92,7075.83,7331.96,4456.24,5485.11,6441.96,7561.04,3791.5,6576.24,1836.35,6304.89,4829.4,4397.97,3867.86,7884.75,4658.94,7831.99,1349.21,379.52,2457.07,5867.58
3065,7319.25,14385.17,4820.74,6756.22,6520.0,3712.08,3352.23,3238.86,3150.23,2119.41,369.1,0.0,529.81,728.82,1086.0,768.5,3722.91,3879.04,448.7,3691.1,3630.27,815.82,5188.12,3443.06,3556.94,3326.2,3401.33,3611.53,3899.02,4097.53,4246.16,5966.53,5336.91,5750.04,6841.85,5733.47,4028.44,5352.18,6084.37,7702.87,6005.35,7010.89,7728.63,5567.75,5018.9,6984.58,4054.35,4317.08,3543.43,5303.92,11385.18,6821.73,5205.41,7454.74,7205.77,6718.24,6696.77,4098.65,5617.12,6084.37,7203.45,3923.52,6708.26,1478.76,5659.14,4471.81,4040.38,3803.09,7249.55,4301.35,7474.4,991.62,292.84,2099.48,5509.99
3066,7837.55,14903.47,4325.37,7274.51,7038.29,3463.68,3100.81,2743.49,3023.75,2637.71,887.4,529.81,0.0,253.6,590.63,273.13,3227.54,3383.66,967.0,3425.64,3134.89,320.45,4939.72,3177.6,3061.57,2830.82,2905.96,3116.16,3403.64,3602.16,3750.79,5471.16,4841.54,5254.67,6346.47,5238.1,3533.07,4856.81,5589.0,7207.49,5509.97,6515.51,7233.26,5072.37,4523.52,6489.21,3558.97,3821.7,3048.06,4808.54,10889.81,6326.36,4957.02,6959.36,6710.4,6222.86,6201.39,3603.27,5368.73,5589.0,6708.07,3675.12,7226.55,983.38,5163.77,3976.43,3545.01,3307.71,6754.18,3805.98,6979.03,516.4,811.13,1604.1,5014.62
3067,8056.55,15122.47,4380.87,7043.41,6807.19,3617.28,3254.41,2897.08,3177.35,2856.71,1106.4,748.81,253.44,0.0,646.13,426.73,3381.14,3439.16,1186.0,3579.24,3288.49,375.95,5093.32,3331.2,3215.16,2984.42,3059.56,3269.75,3557.24,3755.76,3904.39,5624.75,4995.13,5408.26,6401.98,5293.6,3588.57,4912.31,5644.5,7263.0,5663.57,7587.35,7386.86,5127.88,4677.12,6642.81,3712.57,3975.3,3201.65,4962.14,10945.31,6479.96,5110.62,7014.87,6765.9,6278.36,6354.99,3756.87,5522.33,5644.5,6763.57,3828.72,6995.45,1038.89,5317.37,4130.03,3698.61,3461.31,6907.78,3959.58,7034.53,262.8,593.46,1757.7,5168.21
3068,8414.68,15480.6,4094.43,7078.94,6842.72,3652.81,3289.94,2932.61,3212.88,3214.83,1464.53,1106.94,611.56,658.62,0.0,462.26,3416.67,2793.2,1544.12,3614.77,3324.02,282.68,5128.85,3366.73,3250.69,3019.95,3095.09,3305.28,3592.77,3791.29,3939.92,7117.75,5030.66,6633.74,6115.53,5007.16,3302.13,4625.86,5358.06,6976.55,7156.57,7300.91,8196.57,4841.43,4712.65,7539.75,3748.1,4010.83,3237.18,4997.67,10658.87,7393.1,5146.15,6728.42,6479.45,5991.92,7401.32,3792.4,5557.86,5358.06,6477.13,3864.25,7030.98,392.92,6732.83,4165.56,3734.14,3496.84,7891.92,3995.11,6748.08,862.93,1388.26,1793.23,5203.74
3070,8061.92,15127.84,4184.51,6617.66,6381.44,3191.53,2828.66,2471.33,2751.6,2862.08,1111.77,754.18,258.81,399.68,449.76,0.0,2955.39,3242.8,1191.37,3153.49,2862.74,179.58,4667.57,2905.45,2789.41,2558.67,2633.81,2844.0,3131.49,3330.01,3478.64,5199.0,4569.38,4982.52,6205.61,5097.24,3392.21,4715.94,5448.14,7066.63,5237.82,6243.36,6961.11,4931.51,4251.37,6217.06,3286.82,3549.55,2775.9,4536.39,10748.95,6054.21,4684.87,6818.5,5586.65,6082.0,5929.24,3331.12,5096.58,5448.14,6567.21,3402.97,6569.7,842.52,4891.62,3704.28,3272.86,3035.56,6482.03,3533.83,6838.16,603.99,1035.51,1331.95,4742.46
3083,7858.41,17738.25,3002.05,4021.73,3785.51,595.6,499.94,739.1,623.5,1628.54,3615.94,3687.19,3191.81,3332.68,3382.76,2933.98,0.0,6175.8,3384.17,598.3,266.81,3112.59,2071.64,350.26,1368.21,1012.42,336.12,546.32,833.81,1032.32,1180.95,2901.32,2271.7,2684.83,3198.07,3914.78,3671.83,3533.49,4265.68,3886.67,2940.14,3945.68,4663.42,3749.05,1953.69,3919.37,989.14,1251.87,1112.86,2908.71,5660.16,3756.52,2088.93,3261.71,3288.97,3370.52,3631.56,1033.44,2500.64,4265.68,3340.67,807.04,3973.77,3775.52,2593.93,1406.6,975.17,737.88,4184.34,1236.14,3390.56,3536.99,3968.51,1602.03,2444.78
3088,11207.71,18273.63,6887.46,9871.98,9635.76,6445.85,6082.98,5725.65,6005.92,6007.87,4257.56,3899.97,3404.6,3451.66,2793.2,3255.3,6209.71,0.0,4337.16,6407.81,6117.06,3075.71,7921.89,6159.77,6043.73,5812.99,5888.13,6098.32,6385.81,6584.33,6732.96,9910.79,7823.7,9426.78,8908.57,7800.19,6095.17,7418.9,8151.1,9769.59,9949.61,10093.94,10989.61,7634.47,7505.69,10332.78,6541.14,6803.87,6030.22,7790.71,13451.9,10186.14,7939.19,9521.46,9272.49,8784.96,10194.36,6585.44,8350.89,8151.1,9270.17,6657.29,9824.02,2400.33,9525.87,6958.6,6527.17,6289.88,10684.96,6788.15,9541.12,3655.97,4181.3,4586.27,7996.78
3090,6955.47,14021.39,5257.93,6392.44,6156.22,3348.29,2988.45,3067.09,2786.45,1755.63,316.69,448.7,967.0,1166.01,1523.19,1205.69,3384.17,4316.22,0.0,3327.32,3557.79,1253.01,4824.33,3079.28,3994.13,3763.39,3838.52,4048.72,4336.21,4534.72,4683.35,6369.96,5774.1,6164.02,6677.25,6170.66,4465.63,5789.37,6521.56,7355.31,6408.77,7414.31,8132.06,6004.94,5456.08,7388.01,4491.53,4754.27,3980.62,5661.41,11822.37,7225.16,4841.63,6810.83,6768.15,6849.71,7100.19,4535.84,5253.34,6521.56,7640.63,3559.73,6344.48,1915.94,6073.12,4908.99,4477.57,3636.09,7652.98,4738.54,7911.59,1428.81,687.69,2536.66,5947.18
3100,8370.9,18250.74,3514.54,3824.06,3587.84,344.91,443.09,682.25,566.65,1571.69,3559.08,3691.1,3411.32,3552.19,3602.27,3153.49,598.3,6395.31,3327.32,0.0,607.42,3332.1,1873.97,248.04,1880.7,1524.91,848.61,1058.81,1346.3,1544.81,1693.44,3419.59,2784.19,3213.65,3726.89,4427.27,4184.32,4045.98,4626.55,4404.94,3458.41,4463.95,5181.69,4261.54,2466.18,4437.65,1501.63,1764.36,1625.35,2711.05,6178.44,4274.79,1891.27,3860.46,3817.79,3899.35,4149.83,1545.93,2302.97,4626.55,3869.49,408.57,3776.1,3995.03,3122.75,1919.09,1487.66,685.73,4702.62,1748.63,3908.83,3756.5,3930.09,1821.54,3151.5
3121,7765.76,17645.6,2909.4,3757.21,3520.99,331.07,694.11,933.27,817.67,1822.71,3810.1,3594.54,3099.16,3240.03,3290.12,2841.33,266.81,6083.15,3578.34,627.97,0.0,3019.94,1807.11,499.33,1275.56,919.77,243.47,453.67,741.16,939.67,1088.3,3352.74,2179.05,3146.8,3660.03,3822.13,3579.18,3440.84,4173.03,4338.09,3391.55,4397.09,5114.84,3656.4,1861.04,4370.79,896.49,1159.22,1020.21,2644.19,6111.58,4207.94,1824.41,3793.61,3750.93,3832.49,4082.97,940.79,2236.12,4173.03,3802.64,542.51,3709.25,3682.87,3055.9,1313.95,882.52,645.23,4635.76,1143.49,3841.98,3444.35,3875.86,1509.38,2352.13
3127,8132.0,15197.92,4004.92,6796.27,6560.05,3370.14,3007.27,2649.94,2930.2,2932.16,1181.85,824.26,328.89,375.95,270.18,179.58,3134.0,3063.22,1261.45,3332.1,3041.35,0.0,4846.18,3084.05,2968.02,2737.28,2812.41,3022.61,3310.1,3508.61,3657.24,5377.61,4747.99,6544.24,6026.03,4917.65,3212.63,4536.36,5268.56,6887.05,5416.43,7211.4,8107.07,4751.93,4429.98,7450.24,3465.43,3728.16,2954.51,4715.0,10569.36,7303.6,4863.47,6638.92,6389.95,5902.42,6107.85,3509.73,5275.18,5268.56,6387.63,3581.58,6748.31,662.94,5070.22,3882.89,3451.46,3214.17,6660.64,3712.43,6658.58,580.26,1105.59,1510.56,4921.07
3636,6656.17,16536.0,4234.04,2204.73,1968.52,1571.76,1934.79,2173.95,2058.35,3063.39,5050.79,5182.8,4927.68,5068.55,5118.63,4669.85,2095.32,7911.67,4819.02,1868.66,1830.8,4848.45,0.0,1740.01,3104.07,2748.29,2071.99,2282.19,2569.67,2768.19,2168.19,1800.26,1846.58,1594.32,2107.56,3264.33,4915.27,3614.98,3007.22,2785.62,1839.08,2844.62,3562.37,3514.63,2678.31,2818.32,2725.0,2413.27,2848.73,1091.72,4559.11,2655.47,845.43,2241.14,2198.46,2280.02,2530.5,2538.92,683.65,3007.22,2250.16,1783.2,2156.77,5511.39,1503.43,2425.22,2711.04,1684.79,3083.29,2972.01,2289.5,5272.86,5421.79,3337.9,1532.18
3637,7608.98,18122.09,3385.89,3695.41,3459.19,269.28,195.05,434.21,318.61,1323.65,3311.04,3443.06,3163.28,3304.15,3354.23,2905.45,350.26,6147.27,3079.28,248.04,478.78,3084.05,1745.32,0.0,1752.05,1396.26,719.97,930.16,1217.65,1416.17,1564.8,3290.94,2655.54,3085.0,3598.24,4298.62,4055.67,3917.33,4497.9,4276.3,3329.76,4335.3,5053.04,4132.9,2337.53,4309.0,1372.98,1635.71,1496.7,2582.4,6049.79,4146.14,1762.62,3731.82,3689.14,3770.7,4021.18,1417.28,2174.33,4497.9,3740.84,480.72,3647.45,3746.99,2994.11,1790.44,1359.01,557.08,4573.97,1619.98,3780.18,3508.46,3682.05,1573.5,3022.85
3638,8573.23,18453.06,1972.18,5034.79,4798.57,1608.66,1775.85,1418.52,1698.78,2703.83,3923.26,3565.67,3070.29,3211.16,3261.24,2812.46,1372.52,6054.28,4002.85,1905.56,1279.87,2991.06,3084.7,1776.91,0.0,524.22,1050.94,1261.13,1126.28,1192.68,1895.77,3616.13,2986.51,4511.5,3993.29,2884.91,2641.96,2503.62,3235.81,4854.31,3654.95,5178.66,6074.32,2719.19,2668.5,5417.5,1400.15,1966.68,541.54,2953.52,9390.99,5270.86,3102.0,4606.18,4357.21,3869.68,5279.08,1748.25,3513.7,3235.81,4354.89,1820.1,4986.83,3654.0,4610.59,2121.41,874.69,1452.69,5769.68,1396.5,4625.84,3415.47,3846.99,1480.51,3159.59
3639,8241.66,18121.5,2184.17,4703.23,4467.01,1277.1,1474.45,1117.13,1397.39,2402.43,3621.86,3264.27,2768.9,2909.77,2959.85,2511.06,1040.96,5752.89,3701.46,1574.0,948.31,2689.67,2753.14,1445.35,453.56,0.0,719.37,929.57,1217.06,1415.57,1564.2,3284.57,2654.95,3068.08,4205.27,3096.9,2853.95,2715.61,3447.8,5066.29,3323.39,4328.93,5046.67,2931.17,2336.94,4302.62,1372.39,1635.12,294.98,2621.96,9602.97,4139.77,2770.43,4818.16,3672.22,4081.66,4014.81,1416.69,3182.14,3447.8,4566.87,1488.54,4655.27,3352.61,2977.18,1789.85,1086.68,1121.13,4567.59,1619.39,4837.83,3114.08,3545.59,1179.11,2828.03
3640,7522.29,17402.12,2706.66,3983.85,3747.63,557.72,920.76,1244.65,1044.31,2049.36,3749.38,3391.79,2896.42,3037.29,3087.37,2638.59,321.58,5880.41,3828.98,854.62,228.93,2817.19,2033.76,725.97,1072.81,717.03,0.0,250.92,538.41,736.93,844.83,2565.2,1935.57,2348.71,2861.94,3619.39,3376.43,3238.09,3970.29,3550.55,2604.01,3609.55,4327.3,3453.66,1617.56,3583.25,1086.19,915.74,817.47,1902.58,5324.04,3420.4,2051.06,2925.59,2952.84,3034.4,3295.43,1041.4,2462.77,3970.29,3004.55,769.16,3935.89,3480.13,2257.81,1070.47,679.78,401.75,3848.22,940.75,3054.44,3241.6,3673.12,1306.63,2108.65
3641,7641.31,17521.14,2385.34,4175.22,3939.0,2144.61,2507.65,2831.54,2631.2,3636.24,5336.27,4978.68,4483.31,4624.18,4674.26,4225.48,1908.47,7467.3,5415.87,2441.51,1815.82,4404.08,3620.65,2312.86,1360.27,1565.13,1627.62,0.0,344.21,542.72,851.47,2394.38,1764.75,2177.89,2691.12,3298.07,3055.12,2916.78,3648.97,3379.73,2433.19,3438.73,4156.48,3132.34,1446.74,3412.43,499.54,741.01,1277.59,2294.14,5153.22,3249.58,3070.95,2754.77,2782.02,2863.58,3124.61,543.84,2374.12,3648.97,2833.73,2356.05,4127.26,5067.02,2086.99,899.65,485.57,1667.98,3677.4,746.54,2883.62,4828.49,5260.01,2893.52,1937.83
3642,7415.65,17295.48,2160.02,3949.55,3713.34,1918.95,2281.98,2605.87,2405.54,3410.58,5110.61,4753.02,4257.65,4398.51,4448.6,3999.81,1682.81,7241.63,5190.21,2215.85,1590.16,4178.42,3394.99,2087.2,1134.95,1339.81,1401.96,344.21,0.0,198.51,625.8,2168.71,1539.09,1952.22,2465.46,3072.75,2829.8,2691.46,3423.65,3154.07,2207.53,3213.07,3930.81,2907.02,1221.08,3186.77,273.87,565.87,1052.27,2068.47,4927.56,3023.91,2845.28,2529.11,2556.36,2637.92,2898.95,306.71,2148.46,3423.65,2608.06,2130.39,3901.6,4841.35,1861.33,673.99,260.25,1442.32,3451.74,402.33,2657.95,4602.83,5034.34,2667.86,1712.17
3643,7614.16,17493.99,2226.42,4148.06,3911.85,2117.46,2480.5,2500.32,2604.05,3609.09,5005.05,4647.46,4152.09,4292.96,4343.04,3894.26,1881.32,7136.08,5084.65,2414.36,1788.67,4072.86,3593.5,2285.71,1201.35,1406.21,1600.47,542.72,198.51,0.0,824.31,2367.22,1737.6,2150.73,2663.97,1499.21,2896.2,2757.86,1937.96,3352.58,2406.04,3411.58,4129.32,2973.42,1419.59,3385.28,472.39,764.38,1118.67,2266.98,5126.07,3222.43,3043.8,2727.62,2754.88,1715.01,3097.47,505.22,2346.98,1937.96,3057.03,2328.9,4100.11,4735.8,2059.84,872.5,326.65,1640.83,3650.25,204.02,2856.47,4497.27,4928.79,2562.3,1910.69
3644,7005.98,16885.81,3442.08,3267.35,3031.14,1293.14,1656.18,1980.07,1779.74,2784.78,4484.81,4127.22,3631.84,3772.71,3822.79,3374.01,1057.0,6615.83,4564.4,1590.04,964.36,3552.62,2769.19,1461.4,1808.24,1452.45,776.15,986.35,594.51,793.03,0.0,1868.36,1238.74,1651.87,2165.11,3321.88,4111.86,3672.52,3064.77,2853.72,1907.18,2912.72,3630.46,3572.18,920.73,2886.42,389.35,339.78,1552.89,1386.27,4627.21,2723.56,2786.48,2228.76,2256.01,2337.57,2598.6,387.56,1466.26,3064.77,2307.71,1504.59,3219.4,4215.55,1560.98,373.64,854.77,816.51,3151.39,996.85,2357.6,3977.02,4408.54,2042.06,1411.82
3645,7637.35,17517.18,3161.94,2900.22,2664.0,3349.68,3712.71,3841.05,3836.27,4841.31,6345.79,5988.2,5492.82,5633.69,7144.98,5234.99,2917.98,9938.02,6596.94,3646.58,2825.33,5413.59,2032.56,3517.93,3669.22,3313.43,2637.13,2847.33,2376.75,2575.26,1817.57,0.0,774.47,522.22,1035.46,2192.23,3843.17,2542.88,1935.12,1438.73,492.2,1497.74,2215.48,2442.53,2021.38,1471.43,2171.59,2404.74,3413.87,691.41,3212.22,1308.58,1795.94,894.25,1126.36,1207.92,1183.62,2169.8,1099.12,1935.12,1157.51,3561.12,2852.26,7537.74,431.33,1768.29,2637.0,2677.49,1736.4,2996.25,942.62,5838.0,6269.52,3903.04,947.56
3646,6723.94,16603.78,3773.59,2512.35,2276.13,2198.65,2561.69,2885.58,2685.25,3690.29,5390.32,5032.73,4537.35,4678.22,4728.3,4279.52,1962.51,7521.34,5469.91,2495.55,1869.86,4458.13,1644.7,2366.91,2713.75,2357.96,1681.66,1891.86,1603.02,1801.54,1043.84,1339.81,0.0,1133.87,1647.11,2803.88,4454.82,3154.52,2546.77,2325.17,1378.63,2384.17,3101.91,3054.18,1247.65,2357.87,1397.87,1383.62,2458.4,631.27,4098.66,2195.01,1408.08,1780.69,1738.01,1819.57,2070.05,1396.07,711.25,2546.77,1789.71,2410.09,2464.39,5121.06,1042.98,994.56,1863.28,1722.02,2622.84,2005.36,1829.05,4882.53,5314.05,2947.57,173.83
3647,7455.53,17335.37,2644.7,2718.4,2482.18,3167.86,3530.9,3659.24,3654.46,4659.5,6163.97,5806.38,5311.01,5451.88,6627.74,5053.18,2736.17,9420.78,6415.13,3464.76,2643.52,6509.03,1850.75,3336.12,4487.82,3131.62,2455.32,2665.51,2194.94,2393.45,1635.75,488.99,592.66,0.0,518.21,1674.99,3325.93,2025.63,1417.87,1474.34,527.8,1533.34,2251.09,1925.28,1839.56,1507.04,1989.78,2222.93,4405.15,509.6,3247.83,1344.19,1614.13,581.86,609.12,690.67,1219.22,1987.99,917.31,1417.87,660.82,3379.3,2670.44,7020.5,104.06,1586.48,4415.41,2495.68,1772.01,2479.01,978.23,5656.19,6087.71,3721.22,765.74
3648,7968.77,17848.6,2126.48,3231.64,2995.42,3681.1,4044.14,4172.47,4167.69,5172.73,7172.66,6815.07,6319.7,6366.76,6109.53,6170.4,3249.41,8902.56,7252.26,3978.0,3156.76,5990.81,2363.99,3849.35,3969.61,4174.48,2968.56,3178.75,2708.17,2142.41,2148.99,1002.22,1105.9,518.21,0.0,1156.77,2807.71,1507.42,899.66,1987.58,1041.04,2046.58,2764.32,1407.07,1131.65,2020.28,2503.02,2736.16,3886.94,1022.84,3761.07,1857.42,2127.37,628.17,363.92,172.46,1732.46,2501.22,1430.54,899.66,707.12,3892.54,3183.68,6502.28,617.3,2099.71,3897.19,3008.92,2285.25,1960.79,950.32,6571.07,7096.4,4234.46,1278.98
3649,9164.99,19044.82,1010.79,4427.86,4191.64,4141.33,4510.22,4152.89,4433.15,5438.19,6056.97,5699.38,5204.01,5251.07,4993.83,5054.7,3905.19,7786.87,6136.57,4438.23,3812.54,4875.12,3560.21,4309.59,2853.92,3058.78,3583.61,3793.81,3033.09,1499.21,3345.21,2198.44,2302.12,1714.43,1196.22,0.0,1692.02,391.72,438.75,2057.24,2237.26,2381.59,3277.26,291.38,2327.87,2620.44,3306.96,3932.38,2771.24,2219.05,4527.56,2473.79,3323.58,1809.11,1560.14,1072.61,2482.01,3339.8,2626.76,438.75,1557.82,4352.77,4379.9,5386.59,1813.52,3295.93,2781.5,3985.36,2972.61,1317.59,1828.77,5455.38,5980.71,4214.87,2475.2
3650,10782.49,20662.32,792.61,6045.35,5809.14,3943.38,3871.22,3513.9,3794.16,6115.58,4365.27,4007.68,3512.3,3559.36,3302.13,3363.0,3707.24,6095.17,4444.86,4240.28,3614.59,3183.42,5177.7,3948.01,2655.96,2860.82,3385.65,3595.85,2835.13,2901.53,4230.48,3815.94,3919.61,3331.93,2813.72,1705.34,0.0,1324.05,2056.24,3674.74,3854.76,3999.09,4894.76,1539.62,3945.36,4237.93,3109.0,4301.4,2573.28,3836.55,7357.05,4091.29,4941.08,3426.61,3177.64,2690.11,4099.51,3141.84,4244.26,2056.24,3175.32,4154.82,5997.4,3694.89,3431.02,4456.13,2583.54,3787.41,4590.11,3105.35,3446.27,3763.68,4289.0,2374.51,4092.69
3651,9484.36,19364.2,645.0,4747.23,4511.01,3775.54,4144.42,3787.09,4067.36,5072.4,5691.18,5333.59,4838.21,4885.27,4628.04,4688.91,3539.4,7421.08,5770.77,4072.44,3446.75,4509.33,3879.58,3943.79,2488.12,2692.99,3217.82,3428.01,2667.29,2733.69,4062.65,2517.82,2621.49,2033.81,1515.59,407.22,1326.22,0.0,758.12,2376.62,2556.63,2700.97,3596.63,241.5,2647.24,2939.81,2941.17,4133.56,2405.45,2538.43,8075.25,2793.17,3642.96,2128.49,1879.52,1391.98,2801.39,2974.0,2946.14,758.12,1877.19,3986.98,4699.27,5020.8,2132.9,3615.31,2415.71,3619.57,3291.99,1674.5,2148.15,5089.59,5614.91,3849.08,2794.57
3652,8845.12,18724.96,1432.74,4107.99,3871.77,4557.45,4920.49,4574.84,5044.05,6049.09,6478.92,6121.33,5625.96,5673.02,5415.78,5476.65,4125.76,8208.82,6558.52,4854.35,4033.11,5297.07,3240.34,4725.71,3275.87,3480.73,4005.56,4215.76,3455.04,1962.24,3025.34,1878.58,1982.25,1394.57,876.35,463.03,2113.97,813.67,0.0,1700.99,1917.39,2025.34,2921.0,713.33,2008.0,2264.18,3379.37,3612.52,3193.19,1899.19,4171.31,2117.54,3003.72,1452.86,1240.28,752.74,2125.76,3377.58,2306.9,0.0,1201.56,4768.9,4060.03,5808.54,1493.66,2976.07,3203.45,3885.27,2616.36,1780.62,1472.52,5877.33,6402.66,4636.82,2155.33
3653,8166.63,18046.46,3035.89,3429.5,3193.28,3878.96,4242.0,4370.33,4365.55,5370.59,8082.07,7724.48,7229.11,7276.17,7018.93,7079.8,3447.27,9811.97,8161.67,4175.86,3354.62,6900.22,2561.85,4047.21,4879.02,5083.88,3166.42,3376.61,2906.03,3565.39,2346.85,982.66,1303.76,1051.51,1175.88,2066.18,3717.12,2416.82,1809.06,0.0,479.73,425.31,1320.97,2316.48,2550.66,664.15,2700.88,2934.02,4796.34,1220.7,2571.27,517.51,2325.23,463.44,877.64,2355.89,525.72,2699.08,1628.4,1809.06,508.68,4090.4,3381.54,7411.69,960.61,2297.57,4806.6,3206.78,1016.32,3383.77,228.47,7480.48,8005.8,4432.32,1476.84
3654,7686.9,17566.73,3211.49,2949.76,2713.55,3399.23,3762.26,3890.6,3885.82,4890.86,6395.34,6037.75,5542.37,5683.24,7194.53,5284.54,2967.53,9987.57,6646.49,3696.13,2874.88,5463.14,2082.11,3567.48,3718.76,3362.98,2686.68,2896.88,2426.3,2624.81,1867.12,502.93,824.02,571.77,1085.01,2241.78,3892.72,2592.42,1984.67,523.89,0.0,1085.72,1803.46,2492.08,2070.93,1059.42,2221.14,2454.29,3463.42,740.96,2800.21,896.56,1845.49,402.06,1175.91,1257.47,771.6,2219.35,1148.67,1984.67,665.32,3610.67,2901.81,7587.29,480.88,1817.84,2686.55,2727.04,1324.39,3045.8,450.42,5887.55,6319.07,3952.59,997.1
3661,8763.34,18643.17,3360.24,4026.21,3789.99,4475.67,4838.71,4967.05,4962.26,5967.31,7471.78,7114.19,6618.82,7600.52,7343.29,6360.98,4043.98,10136.32,7722.94,4772.57,3951.33,7224.57,3158.56,4643.92,5203.37,4439.43,3763.13,3973.32,3502.74,3889.75,2943.56,1579.37,1900.47,1648.22,2161.45,2390.53,4041.47,2741.18,2133.42,425.31,1182.39,0.0,912.28,2640.83,3147.37,370.84,3297.59,3530.74,5120.7,1817.41,1515.86,576.51,2921.94,787.8,1202.0,2680.25,584.73,3295.79,2225.12,2133.42,833.03,4687.11,3978.25,7736.04,1557.32,2894.28,5130.95,3803.49,893.59,3708.13,552.82,7804.83,7395.52,5029.03,2073.55
3663,9434.02,19313.85,4254.75,4696.89,4460.67,5146.35,5509.39,5637.73,5632.94,6637.99,8142.46,7784.87,7289.5,7430.37,8237.79,7031.66,4714.66,11030.83,8393.62,5443.25,4622.01,8119.08,3829.24,5314.6,6097.88,5110.1,4433.81,4644.0,4173.42,4371.94,3614.24,2250.05,2571.15,2318.9,2832.13,3285.04,4935.98,3635.69,3027.93,1319.82,1853.07,911.13,0.0,3535.34,3818.05,1004.84,3968.27,4201.42,6015.21,2488.09,1723.08,1101.62,3592.62,1682.31,2096.51,3004.59,1026.72,3966.47,2895.79,3027.93,1727.54,5357.79,4648.93,8630.55,2228.0,3564.96,6025.46,4474.17,1100.81,4602.63,1447.33,7634.68,8066.19,5699.71,2744.23
3675,9415.29,19295.12,845.07,4678.15,4441.94,3975.61,4344.49,3987.16,4267.43,5272.47,5891.25,5533.66,5038.28,5085.34,4828.11,4888.98,3739.47,7621.14,5970.84,4272.51,3646.82,4709.39,3810.5,4143.86,2688.19,2893.06,3417.89,3628.08,2867.36,2933.76,3595.51,2448.74,2552.41,1964.73,1446.52,291.38,1526.29,226.0,689.04,2307.54,2487.55,2631.89,3527.55,0.0,2578.16,2870.73,3141.24,4333.63,2605.52,2469.35,4777.86,2724.09,3573.88,2059.41,1810.44,1322.91,2732.31,3174.07,2877.06,689.04,1808.12,4187.05,4630.2,5220.86,2063.82,3546.23,2615.77,3819.64,3222.91,1558.66,2079.07,5289.65,5814.98,4049.15,2725.49
3688,7170.53,17050.36,3946.17,3361.68,3125.46,2428.07,2791.11,3115.0,2914.66,3919.71,5619.73,5262.14,4766.77,4907.64,4957.72,4508.94,2191.93,7750.76,5699.33,2724.97,2099.28,4687.54,2494.03,2596.32,2943.16,2587.38,1911.08,2121.27,1694.11,1892.62,1134.93,1522.94,893.32,1306.45,1819.69,2976.46,4627.4,3327.11,2719.35,2508.3,1561.76,2567.3,3285.04,3226.76,0.0,2541.0,1488.95,1474.7,2687.82,1152.88,4281.79,2378.15,2257.41,1883.34,1910.59,1992.15,2253.18,1487.16,1560.58,2719.35,1962.29,2639.51,3313.72,5350.48,1215.56,817.65,1954.36,1951.44,2805.97,2096.44,2012.18,5111.95,5543.47,3176.98,1066.4
3709,8720.62,18600.45,3599.09,3983.49,3747.27,4432.95,4795.99,4924.32,4919.54,5924.58,7429.06,7071.47,6576.1,6716.96,7582.13,6318.26,4001.26,10375.16,7680.21,4729.85,3908.61,7463.41,3115.84,4601.2,5442.21,4396.7,3720.41,3930.6,3460.02,3658.54,2900.84,1536.65,1857.75,1605.5,2118.73,2629.37,4280.31,2980.02,2372.26,664.15,1139.67,370.84,1035.48,2879.67,3104.65,0.0,3254.87,3488.01,5359.54,1774.69,1178.68,301.02,2879.22,1026.64,1440.84,2291.19,313.32,3253.07,2182.39,2372.26,1071.87,4644.39,3935.53,7974.89,1514.6,2851.56,5369.79,3760.77,556.41,3946.97,791.66,6921.28,7352.79,4986.31,2030.83
3710,7141.92,17021.76,4318.22,3675.83,3439.61,2010.69,2373.73,2697.62,2497.29,3502.33,5202.36,4844.77,4349.39,4490.26,4540.34,4091.56,1774.55,7333.38,5281.95,2307.59,1681.9,4270.16,2808.18,2178.95,2525.79,2170.0,1493.7,1703.9,1276.73,1250.88,717.55,1894.99,1265.37,1678.5,2191.74,3348.51,4999.45,3699.15,3091.4,2880.35,1933.81,2939.35,3657.09,3598.81,947.36,2913.05,0.0,1057.33,2270.44,1794.75,4653.84,2750.19,2571.56,2255.39,2282.64,2364.2,2625.23,1069.78,1874.74,3091.4,2334.34,2222.13,3627.87,4933.1,1587.61,400.27,1536.99,1534.06,3178.02,1069.26,2384.23,4694.57,5126.09,2759.61,1438.45
3717,7432.3,17312.13,2725.89,3966.21,3729.99,1758.14,2121.18,2445.07,2244.74,3249.78,4949.8,4592.21,4096.84,4237.71,4287.79,3839.01,1522.0,7080.83,5029.4,2055.04,1429.35,4017.61,3234.18,1926.4,2273.23,1917.45,1241.15,741.01,565.87,764.38,465.0,2185.36,1555.74,1968.87,2482.11,3638.88,3395.67,3257.33,3381.77,3170.72,2224.18,3229.72,3947.46,3889.18,1237.73,3203.42,396.84,0.0,2017.89,2085.12,4944.21,3040.56,3251.48,2545.76,2573.01,2654.57,2915.6,295.78,2165.11,3381.77,2624.71,1969.58,3918.25,4680.55,1877.98,690.64,826.13,1281.51,3468.39,968.21,2674.6,4442.02,4873.54,2507.06,1728.82
3720,8334.98,18214.81,1889.51,4796.54,4560.33,1370.41,1739.29,1381.97,1662.23,2667.27,3886.7,3529.11,3033.74,3174.61,3224.69,2775.9,1134.27,6017.73,3966.3,1667.31,1041.62,2954.51,2846.45,1538.66,541.54,287.86,812.69,1022.89,1043.6,1110.0,1657.52,3377.89,2748.27,4428.83,3910.61,2802.24,2559.29,2420.94,3153.14,4771.63,3416.7,5095.99,5991.65,2636.51,2430.25,5334.83,1465.7,1728.43,0.0,2715.27,9308.31,5188.19,2863.75,4523.5,4274.54,3787.0,4108.12,1510.0,3275.46,3153.14,4272.21,1581.85,4748.58,3617.45,3070.5,1883.16,792.02,1214.44,4660.91,1313.83,4543.17,3378.92,3810.44,1443.95,2921.35
3721,6946.06,16825.89,3142.45,2208.92,1972.71,2658.39,3021.42,3149.76,3144.98,4150.02,5654.49,5296.9,4801.53,4942.4,4992.48,4543.7,2226.69,7785.52,5905.65,2955.29,2134.04,4722.3,1341.27,2826.64,2977.92,2622.14,1945.84,2156.04,2027.56,2226.07,1468.37,708.67,754.98,502.73,1015.97,2172.74,3823.68,2523.38,1915.62,1694.02,747.48,1753.03,2470.77,2423.04,1978.49,1726.72,1822.4,1713.45,2722.58,0.0,3467.51,1563.87,1104.65,1149.54,1106.87,1188.42,1438.91,1839.11,407.83,1915.62,1158.57,2869.83,2160.97,5385.24,411.83,1725.41,2584.89,1986.2,1991.69,2429.89,1197.91,5146.71,5578.23,3211.75,928.06
3727,10496.46,20376.29,7514.02,5759.33,5523.11,6208.79,6571.83,6700.16,6695.38,7700.42,11705.51,11347.92,10852.54,10899.6,10642.37,10703.24,5777.1,13435.41,11785.11,6505.69,5684.45,10523.66,4891.68,6377.04,9377.37,9582.23,5496.24,5706.44,9556.54,9622.94,4676.68,3312.49,3633.59,3381.33,3894.57,3497.5,7340.56,8045.46,3240.39,1532.28,2915.51,1123.59,1414.97,3747.8,4880.49,1178.68,5030.7,5263.85,9294.69,3550.53,0.0,1275.46,4655.06,1894.77,2308.97,4067.03,2220.24,5028.91,3958.23,3240.39,1940.0,6420.23,5711.37,11035.13,3290.44,4627.4,9304.95,5536.6,622.27,9826.76,1659.79,11103.92,11629.24,9714.75,3806.67
3731,8546.46,18426.3,3452.44,3809.33,3573.12,4258.79,4621.83,4750.17,4745.39,5750.43,7254.9,6897.31,6401.94,6542.81,7435.48,6144.11,3827.1,10228.52,7506.06,4555.7,3734.45,7316.77,2941.68,4427.05,5295.57,4222.55,3546.25,3756.45,3285.87,3484.38,2726.69,1362.5,1683.59,1431.34,1944.58,2482.73,4133.67,2833.38,2225.62,517.51,965.51,576.51,1132.27,2733.03,2930.5,301.02,3080.71,3313.86,5212.9,1600.53,1275.46,0.0,2705.06,880.0,1294.2,2117.04,124.96,3078.92,2008.24,2225.62,925.23,4470.24,3761.38,7828.24,1340.45,2677.41,5223.15,3586.61,653.19,3800.32,645.02,6747.12,7178.64,4812.16,1856.67
3740,7057.66,16937.49,4360.7,2776.68,2540.47,1570.21,1933.25,2172.41,2056.81,3061.85,5049.24,5181.26,4926.14,5067.01,5117.09,4668.31,2093.78,7910.13,4817.48,1867.11,1829.26,4846.91,826.59,1738.47,3102.53,2746.75,2070.45,2280.64,2568.13,2766.65,1579.98,1926.92,1973.23,1720.98,2234.22,3390.99,5041.93,3741.63,3133.87,2912.27,1965.74,2971.28,3689.02,3641.29,2090.1,2944.97,1934.0,1825.05,2847.19,1218.37,4685.76,2782.12,0.0,2367.79,2325.12,2406.67,2657.16,1950.71,1255.6,3133.87,2376.82,1781.65,2728.72,5509.85,1630.08,1837.01,2709.5,1683.25,3209.94,2970.47,2416.16,5271.32,5420.25,3336.35,1144.24
3743,8088.95,17968.79,2793.19,3351.82,3115.6,3801.28,4164.32,4292.66,4287.88,5292.92,7839.37,7481.78,6986.41,7033.46,6776.23,6837.1,3369.59,9569.27,7918.97,4098.18,3276.94,6657.52,2484.17,3969.54,4636.31,4841.18,3088.74,3298.93,2828.36,3322.69,2269.17,904.99,1226.08,560.99,623.13,1823.48,3474.42,2174.12,1566.36,463.44,402.06,787.8,1683.46,2073.77,2472.98,1026.64,2623.2,2856.35,4553.64,1143.02,2933.76,880.0,2247.55,0.0,324.89,795.58,888.21,2621.41,1550.73,1566.36,265.98,4012.72,3303.86,7168.99,660.08,2219.9,4563.9,3129.1,1378.81,3141.07,234.97,7237.78,7763.1,4354.64,1399.16
3744,8121.14,18000.97,2575.76,3384.01,3147.79,3833.47,4196.51,4324.85,4320.06,5325.11,7621.94,7264.35,6768.98,6816.04,6558.8,6619.67,3401.78,9351.84,7701.54,4130.37,3309.13,6440.09,2516.36,4001.72,4418.89,4623.75,3120.93,3331.12,2860.54,2591.69,2301.36,1154.59,1258.27,670.58,449.28,1606.05,3256.99,1956.7,1348.94,814.86,666.26,1139.22,2034.88,1856.35,1543.24,1378.06,2655.39,2888.54,4336.22,1175.21,3285.19,1231.42,2279.74,264.25,0.0,621.74,1239.64,2653.59,1582.91,1348.94,343.2,4044.91,3336.05,6951.56,769.67,2252.08,4346.47,3161.29,1730.24,2410.07,586.4,7020.35,7545.68,4386.83,1431.35
3748,8141.23,18021.06,2002.87,3404.1,3167.88,3853.56,4216.6,4344.93,4340.15,5345.19,7049.05,6691.46,6196.09,6243.15,5985.92,6046.79,3421.86,8778.95,7128.65,4150.46,3329.21,5867.2,2536.45,4021.81,3846.0,4050.86,3141.01,3351.21,4025.17,2018.8,2321.45,1174.68,1278.36,690.67,172.46,1033.16,2684.1,1383.81,776.05,2160.03,1213.5,2219.04,2936.78,1283.46,1146.57,2192.73,2675.47,2908.62,3763.33,1195.29,3933.53,2029.88,2299.82,800.63,536.38,0.0,1904.92,2673.68,1603.0,776.05,1895.12,4065.0,3356.14,6378.67,789.76,2272.17,3773.58,3181.37,2457.71,1837.18,1122.78,6447.46,6972.79,4406.92,1451.44
3751,8421.5,18301.34,3946.1,3684.37,3448.15,4133.83,4496.87,4625.21,4620.43,5625.47,7129.94,6772.35,6276.98,6417.85,7929.14,6019.15,3702.14,10722.18,7381.1,4430.73,3609.49,6197.75,2816.72,4302.08,4453.37,4097.59,3421.29,3631.48,3160.91,3359.42,2601.72,1237.53,1558.63,1306.38,1819.62,2976.39,4627.33,3327.03,2719.27,625.11,840.55,684.11,1046.06,3226.69,2805.53,302.02,2955.75,3188.9,4198.03,1475.57,2195.85,124.96,2580.1,987.6,1910.52,1992.07,0.0,2953.96,1883.28,2719.27,1032.84,4345.27,3636.41,8321.9,1215.48,2552.45,3421.16,3461.65,566.99,3780.41,752.62,6622.16,7053.68,4687.19,1731.71
6370,7243.32,17123.15,2466.73,3777.23,3541.01,1712.0,2075.04,2398.93,2198.59,3203.63,4903.66,4546.07,4050.7,4191.56,4241.65,3792.86,1475.86,7034.69,4983.26,2008.9,1383.21,3971.47,3188.04,1880.25,1441.66,1871.3,1195.01,543.84,306.71,505.22,418.85,1996.39,1366.77,1779.9,2293.14,3449.91,3136.51,2998.17,3192.79,2981.74,2035.21,3040.75,3758.49,3700.21,1048.76,3014.44,101.55,295.78,1358.98,1896.15,4755.23,2851.59,2672.96,2356.79,2384.04,2465.59,2726.63,0.0,1976.14,3192.79,2435.74,1923.44,3729.27,4634.41,1689.0,501.67,566.97,1235.37,3279.41,709.05,2485.63,4395.88,4827.4,2460.91,1539.85
6371,6962.22,16842.06,3550.4,1801.09,1564.88,2250.56,2613.59,2852.75,2737.15,3742.19,5729.59,5313.07,4817.7,4958.57,5008.65,4559.87,2242.86,7801.69,5497.82,2547.46,2150.21,4738.47,933.44,2418.81,2994.09,2638.31,1962.01,2172.2,2043.72,2242.24,1484.54,1116.62,1162.93,910.68,1423.91,2580.69,4231.63,2931.33,2323.57,2101.97,1155.43,2160.97,2878.72,2830.98,1994.66,2134.67,1838.57,1729.62,2738.75,408.07,3875.46,1971.82,763.23,1557.49,1514.82,1596.37,1846.85,1855.28,0.0,2323.57,1566.52,2462.0,1753.14,5401.41,819.78,1741.57,2601.06,2363.59,2399.64,2446.06,1605.86,5162.88,5594.4,3227.92,848.53
6393,8845.12,18724.96,1432.74,4107.99,3871.77,4557.45,4920.49,4574.84,5044.05,6049.09,6478.92,6121.33,5625.96,5673.02,5415.78,5476.65,4125.76,8208.82,6558.52,4854.35,4033.11,5297.07,3240.34,4725.71,3275.87,3480.73,4005.56,4215.76,3455.04,1962.24,3025.34,1878.58,1982.25,1394.57,876.35,463.03,2113.97,813.67,0.0,1700.99,1917.39,2025.34,2921.0,713.33,2008.0,2264.18,3379.37,3612.52,3193.19,1899.19,4171.31,2117.54,3003.72,1452.86,1240.28,752.74,2125.76,3377.58,2306.9,0.0,1201.56,4768.9,4060.03,5808.54,1493.66,2976.07,3203.45,3885.27,2616.36,1780.62,1472.52,5877.33,6402.66,4636.82,2155.33
6396,8343.63,18223.46,2527.89,3606.5,3370.28,4055.96,4419.0,5669.98,4542.56,5547.6,7574.07,7216.48,6721.1,6768.16,6510.93,6571.8,3624.27,9303.97,7653.67,4352.86,3531.62,6392.22,2738.85,4224.21,4371.01,4575.88,3343.42,3553.61,4550.18,3057.39,2523.85,1159.66,1480.76,714.36,1971.5,1558.18,3209.12,1908.82,1301.06,500.1,656.74,824.45,1720.12,1808.47,3103.15,1063.29,2877.88,3111.03,4288.34,1397.7,2970.42,916.65,2502.23,251.97,478.26,1847.89,924.87,2876.09,1805.41,1301.06,0.0,4267.4,3558.54,6903.69,813.44,2474.58,4298.6,3383.78,1415.47,2875.77,271.63,6972.48,7497.8,5731.97,1653.84
6408,8311.55,18191.38,3455.19,3764.71,3528.49,211.81,652.06,891.22,775.62,1780.66,3768.06,3900.07,3644.95,3785.82,3835.9,3387.12,812.6,6628.94,3536.29,408.57,548.07,3565.72,1814.62,457.28,1821.34,1465.56,789.26,999.46,1286.95,1485.46,1634.09,3360.24,2724.84,3154.3,3667.54,4367.92,4124.97,3986.62,4567.19,4345.59,3399.06,4404.6,5122.34,4202.19,2406.82,4378.29,1442.28,1705.01,1566.0,2651.69,6119.09,4215.44,1831.91,3801.11,3758.44,3839.99,4090.48,1486.58,2243.62,4567.19,3810.14,0.0,3716.75,4228.66,3063.4,1859.73,1428.31,626.38,4643.26,1689.28,3849.48,3990.13,4139.06,2055.17,3092.15
6419,4964.77,14844.6,5270.61,243.51,188.27,3372.1,3735.14,3974.29,3858.7,4863.74,6508.21,6640.23,6728.03,6868.9,6918.98,6470.19,3895.67,9712.02,6276.44,3669.0,3631.15,6648.8,2054.99,3540.35,4904.42,4548.64,3872.34,4082.53,4370.02,4568.54,3204.75,2836.82,2883.14,2630.89,3144.12,4300.89,5951.83,4651.54,4043.78,3822.18,2875.64,3881.18,4598.93,4551.19,3714.87,3854.88,3558.78,3449.83,4649.08,2128.28,5595.67,3692.03,2483.44,3277.7,3235.02,3316.58,3567.06,3575.49,1720.21,4043.78,3286.72,3583.54,0.0,7311.74,2539.99,3461.78,4511.38,3485.14,4119.85,4772.36,3326.07,7073.21,6879.22,5138.24,2568.74
6444,8807.44,15873.35,4487.19,7471.7,7235.48,4045.57,3682.7,3325.37,3605.64,3607.59,1857.28,1499.69,1004.32,1051.38,392.92,855.02,3809.43,2400.33,1936.88,4007.53,3716.78,675.43,5521.61,3759.49,3643.45,3412.71,3487.85,3698.04,3985.53,4184.05,4332.68,7510.51,5423.42,7026.5,6508.29,5399.92,3694.89,5018.62,5750.82,7369.31,7549.33,7693.66,8589.33,5234.19,5105.41,7932.51,4140.86,4403.59,3629.94,5390.43,11051.62,7785.86,5538.91,7121.18,6872.21,6384.68,7794.08,4185.16,5950.61,5750.82,6869.89,4257.01,7423.74,0.0,7125.59,4558.32,4126.9,3889.6,8284.68,4387.87,7140.84,1255.69,1781.02,2185.99,5596.5
6450,7364.64,17244.47,2743.79,2627.51,2391.29,3076.97,3440.0,3568.34,3563.56,4568.6,6073.08,5715.49,5220.11,5360.98,6726.83,4962.28,2645.27,9519.86,6324.23,3373.87,2552.62,6608.11,1759.85,3245.22,4586.91,3040.72,2364.42,2574.62,2104.04,2302.55,1544.86,398.09,501.76,104.06,617.3,1774.07,3425.01,2124.72,1516.96,1383.44,436.91,1442.45,2160.19,2024.37,1748.67,1416.14,1898.88,2132.03,4504.24,418.7,3156.94,1253.29,1523.23,680.95,708.2,789.76,1128.33,1897.09,826.41,1516.96,759.9,3288.41,2579.55,7119.58,0.0,1495.58,4514.5,2404.78,1681.11,2578.09,887.33,5565.29,5996.81,3630.33,674.84
6488,6825.15,16704.98,4001.44,3359.05,3122.84,1610.42,1973.46,2297.35,2097.02,3102.06,4802.09,4444.5,3949.12,4089.99,4140.08,3691.29,1374.28,6933.11,4881.69,1907.33,1281.64,3869.9,2491.4,1778.68,2125.52,1769.73,1093.43,1303.63,876.46,1074.98,317.28,1578.21,948.59,1361.72,1874.96,3031.73,4682.67,3382.38,2774.62,2563.57,1617.03,2622.57,3340.31,3282.03,630.58,2596.27,671.31,657.06,1870.17,1477.97,4337.06,2433.41,2254.78,1938.61,1965.86,2047.42,2308.45,669.51,1557.96,2774.62,2017.56,1821.87,3311.1,4532.83,1270.83,0.0,1136.72,1133.79,2861.24,1278.8,2067.45,4294.3,4725.82,2359.34,1121.67
6515,7678.15,17557.98,1899.77,4212.06,3975.84,2162.11,2530.99,2173.66,2453.93,3458.97,4678.4,4320.81,3825.43,3966.3,4016.39,3567.6,1925.97,6809.42,4758.0,2459.01,1833.32,3746.21,3638.15,2330.36,874.69,1079.56,1604.39,485.57,262.5,328.9,888.3,2431.21,1801.59,2214.73,3920.87,2812.5,2569.54,2431.2,3163.4,4781.89,2470.03,3475.57,4193.32,2646.77,1483.58,3449.27,536.38,828.37,792.02,2330.97,5190.06,3286.42,3655.45,4533.76,2818.87,3797.26,3161.46,569.22,2410.97,3163.4,4282.47,2373.55,4164.1,4409.14,2123.83,936.5,0.0,2006.14,3714.24,532.73,4553.42,4170.62,4602.13,2235.65,1974.68
6518,7595.52,17475.36,3100.55,3581.67,3345.45,383.83,746.87,986.03,870.43,1875.47,3862.86,3785.69,3290.32,3431.19,3481.27,3032.48,715.48,6274.31,3631.1,680.73,622.83,3211.09,1631.58,552.09,1466.71,1110.93,434.63,644.82,932.31,1130.83,918.06,3177.2,2008.81,2971.26,3484.5,4013.28,3770.33,3631.99,4384.16,4162.56,3216.02,4221.56,4939.3,3847.56,1690.8,4195.26,1159.42,988.98,1211.36,2468.66,5936.05,4032.4,1648.88,3618.08,3575.4,3656.96,3907.44,1114.64,2060.59,4384.16,3627.1,595.27,3533.71,3874.03,2880.37,1143.71,1073.67,0.0,4460.23,1334.65,3666.44,3635.5,4067.02,1700.53,2181.89
6535,8985.59,18865.42,3951.26,4248.46,4012.24,4697.92,5060.96,5189.3,5184.51,6189.56,7694.03,7336.44,6841.07,6981.94,7934.3,6583.23,4266.23,10727.34,7945.19,4994.82,4173.58,6761.84,3380.81,4866.17,5794.39,4661.67,3985.38,4195.57,3724.99,3923.51,3165.81,1801.62,2122.72,1870.47,2383.7,2981.55,4632.49,3332.19,2724.44,1016.32,1404.64,807.05,1098.43,3231.85,3369.62,556.41,3519.84,3752.98,4762.11,2039.66,622.27,653.19,3144.19,1378.81,1793.02,2556.16,578.29,3518.04,2447.36,2724.44,1424.05,4909.36,4200.5,8327.06,1779.57,3116.53,5721.97,4025.74,0.0,4299.14,1143.84,7186.25,7617.76,5251.28,2295.8
6545,7637.83,17517.66,2430.24,4171.73,3935.52,2321.28,2684.32,2704.14,2807.87,3812.92,5208.88,4851.28,4355.91,4496.78,4546.86,4098.08,2085.14,7339.9,5288.47,2618.18,1992.49,4276.68,3304.08,2489.53,1405.17,1610.03,1804.29,746.54,402.33,204.02,1028.14,2390.89,1761.27,2174.4,1705.85,1317.59,3100.02,1659.0,1756.34,3376.25,2429.71,3435.25,4152.99,1558.66,1443.26,3408.95,676.21,968.21,1322.5,2290.65,5149.74,3246.09,3067.46,2751.29,2069.77,1533.39,3121.13,709.05,2370.64,1756.34,2875.41,2532.73,4123.78,4939.62,2083.51,896.17,530.48,1844.65,3673.92,0.0,2880.13,4701.09,5132.61,2766.13,1934.35
6550,8137.32,18017.15,2807.42,3400.19,3163.97,3849.65,4212.69,4341.03,4336.24,5341.29,7853.6,7496.01,7000.64,7047.7,6790.46,6851.33,3417.96,9583.5,7933.2,4146.55,3325.31,6671.75,2532.54,4017.9,4650.55,4855.41,3137.11,3347.3,2876.72,3336.92,2317.54,953.35,1274.45,885.28,947.41,1837.71,3488.65,2188.35,1580.6,228.47,450.42,552.82,1448.48,2088.01,2521.35,791.66,2671.57,2904.72,4567.87,1191.39,2698.79,645.02,2295.92,234.97,649.18,2127.43,653.24,2669.77,1599.09,1580.6,280.21,4061.09,3352.23,7183.22,931.3,2268.26,4578.13,3177.47,1143.84,3155.3,0.0,7252.01,7777.34,4403.01,1447.53
6559,8319.35,16872.64,4585.18,7220.68,6984.46,3794.54,3431.68,3074.35,3354.61,3119.51,1369.2,1011.61,516.24,262.8,850.44,603.99,3558.4,3643.48,1448.8,3756.5,3465.76,580.26,5270.59,3508.46,3392.43,3161.69,3236.82,3447.02,3734.51,3933.02,4081.65,5802.02,5172.4,5585.53,6606.29,5497.91,3792.89,5116.62,5848.82,7467.31,5840.83,7791.66,7564.12,5332.19,4854.39,6820.07,3889.84,4152.57,3378.92,5139.41,11149.62,6657.22,5287.88,7219.18,6970.21,6482.68,6532.26,3934.14,5699.59,5848.82,6967.89,4005.99,7172.72,1243.2,5494.63,4307.3,3875.87,3638.58,7085.04,4136.85,7238.84,0.0,604.77,1934.97,5345.48
6592,7558.24,14624.16,5102.07,6995.21,6758.99,3951.07,3591.22,3520.18,3389.22,2358.4,379.52,292.84,811.13,593.46,1367.32,1049.83,3986.94,4160.36,687.69,3930.09,3911.59,1097.14,5427.11,3682.05,3838.26,3607.52,3682.66,3892.85,4180.34,4378.86,4527.49,6247.85,5618.23,6031.36,7123.17,6014.8,4309.77,5633.5,6365.7,7984.19,6286.67,7292.21,8009.96,5849.07,5300.22,7265.91,4335.67,4598.4,3824.75,6264.18,11666.51,7103.06,5444.4,7736.06,7487.1,6999.56,6978.09,4379.97,5856.11,6365.7,7484.77,4162.51,6947.25,1760.08,5940.47,4753.13,4321.71,4084.41,7530.88,4582.68,7755.73,604.77,0.0,2380.8,5791.31
10684,8824.15,18703.98,3333.14,5285.71,5049.49,1859.58,1496.71,1139.38,1419.65,2424.69,2442.75,2085.16,1589.79,1730.65,1780.74,1331.95,1623.44,4573.77,2522.35,1821.54,1530.79,1510.56,3335.62,1573.5,1457.46,1226.72,1301.86,1512.05,1799.54,1998.06,2146.69,3867.05,3237.43,3650.56,4163.8,4245.87,2374.51,3864.58,4596.77,4852.41,3905.87,4911.41,5629.15,4080.14,2919.42,4885.11,1954.87,2217.6,1443.95,3204.44,6625.9,4722.25,3352.92,4227.45,4254.7,4336.26,4597.29,1999.17,3764.62,4596.77,5715.84,2071.02,5237.75,2173.49,3559.67,2372.33,1940.9,1703.61,5150.08,2201.88,4356.29,1934.97,2366.48,0.0,3410.51
10698,7162.47,17042.3,3541.06,2956.57,2720.35,2024.86,2387.89,2711.78,2511.45,3516.49,5216.52,4858.93,4363.55,4504.42,4554.51,4105.72,1788.72,7347.54,5296.12,2321.76,1696.07,4284.33,2088.92,2193.11,2539.95,2184.16,1507.86,1718.06,1429.22,1627.74,870.04,1117.83,488.21,901.34,1414.58,2571.35,4222.29,2922.0,2314.24,2103.19,1156.65,2162.19,2879.93,2821.65,1073.85,2135.89,1224.07,1209.82,2284.6,747.77,3876.68,1973.03,1852.3,1478.23,1505.48,1587.04,1848.07,1222.28,1155.47,2314.24,1557.18,2236.3,2908.61,4947.26,810.45,820.77,1689.48,1548.22,2400.86,1831.56,1607.07,4708.74,5140.25,2773.77,0.0
