,0,1,3164,3165,3166,3167,3168,3170,3171,3172,3199,3200,3201,3202,3203,3204,3205,3206,3207,3208,3210,3217,3221,3225,3249,3261,3262,3263,3264,3265,3266,3547,3551,3553,3554,3555,3556,3557,3560,3900,3903,3909,3911,3912,3913,3914,3916,3917,3920,3921,3925,3927,3929,3931,3933,3953,4148,4155,4230,4231,4233,6379,6455,6481,6494,6508,6563
0,0.0,11.726333333333335,17.08083333333333,17.293166666666664,17.37816666666667,17.872,17.413166666666665,17.074666666666666,17.233999999999998,16.74566666666667,13.329166666666667,13.843166666666667,14.527166666666666,14.564166666666667,14.079,13.764000000000001,14.365666666666668,13.9265,13.798833333333333,14.0805,18.647499999999997,18.745833333333334,18.267999999999997,17.190333333333335,17.142666666666667,17.919,18.012833333333333,17.919333333333334,18.9395,18.7495,17.788166666666665,16.790333333333333,18.298000000000002,17.85183333333333,17.930999999999997,17.348833333333335,17.393666666666665,17.256333333333334,17.612166666666667,11.165333333333333,12.883166666666666,12.786833333333334,13.5755,15.7825,14.815833333333334,14.051166666666667,12.699666666666667,13.0235,13.707666666666666,13.025666666666666,12.622666666666667,12.872000000000002,12.74,13.554499999999999,12.6145,13.310166666666667,12.348666666666666,12.483166666666667,12.712333333333333,16.483833333333333,13.173499999999999,18.634833333333333,17.407,18.340500000000002,15.174833333333334,13.403666666666668,15.314
1,11.293166666666668,0.0,13.3085,13.520833333333334,13.605833333333333,14.099833333333333,13.640833333333335,13.765333333333333,14.731666666666666,14.969833333333334,15.365833333333335,14.811666666666667,14.535666666666666,13.999,15.595,14.7325,13.125333333333334,13.381499999999999,13.253666666666668,14.041500000000001,14.875166666666667,14.9735,14.495666666666667,13.418000000000001,14.389166666666666,14.146666666666667,14.240499999999999,14.147,15.167166666666667,14.977166666666667,14.015833333333335,13.018,14.525666666666666,14.0795,14.158666666666667,13.576500000000001,13.621333333333332,13.484,13.84,13.250499999999999,15.171666666666665,14.8235,15.612166666666667,17.819166666666668,17.072,16.3075,14.736333333333333,15.060166666666667,14.124833333333333,14.725166666666667,14.659333333333333,14.571499999999999,14.776666666666667,15.591166666666668,14.651166666666667,15.346833333333333,14.385333333333334,14.519666666666666,14.749,18.668499999999998,15.21,14.8625,13.634666666666668,14.568166666666666,17.430999999999997,14.919666666666666,14.748666666666667
3164,15.468,13.5745,0.0,0.49450000000000005,0.5796666666666667,1.0735,1.8453333333333333,2.344666666666667,3.311,3.5491666666666664,6.256666666666666,6.094166666666666,5.8181666666666665,5.281499999999999,6.8774999999999995,6.015,5.8133333333333335,6.382000000000001,6.254166666666666,6.729666666666666,3.4545000000000003,1.665,2.1446666666666667,1.9973333333333334,2.9685,2.3511666666666664,1.8896666666666666,1.3299999999999998,2.816333333333333,2.6261666666666668,1.3941666666666668,1.5973333333333335,3.105,1.0531666666666666,1.3851666666666667,0.5501666666666666,0.5950000000000001,0.8623333333333334,2.419166666666667,7.676833333333334,8.198666666666666,6.918833333333334,5.402,6.893666666666666,5.651333333333333,4.886833333333333,7.498166666666666,7.821833333333333,6.704166666666667,6.630833333333333,7.686166666666667,7.279833333333333,7.386166666666667,7.6866666666666665,7.348833333333333,7.442166666666666,6.480833333333334,7.546666666666667,7.775833333333334,7.319333333333334,8.237,1.6765,0.32616666666666666,1.2596666666666667,6.0103333333333335,6.202166666666667,6.031166666666667
3165,15.680333333333333,13.786833333333334,0.49450000000000005,0.0,0.43466666666666665,1.1568333333333334,1.7746666666666668,2.557,3.5233333333333334,3.7615,6.468999999999999,6.3065,6.0305,5.493833333333333,7.089833333333333,6.227333333333333,6.025833333333334,6.594333333333334,6.4665,6.941999999999999,3.6668333333333334,1.8241666666666667,2.0741666666666667,2.2096666666666667,3.180833333333333,2.2805000000000004,1.819,1.2594999999999998,2.7456666666666667,2.5556666666666668,1.6065,1.8096666666666665,3.317333333333333,0.9825,1.3951666666666667,0.42033333333333334,0.6783333333333333,1.0746666666666667,2.631666666666667,7.889333333333334,8.411,7.131166666666667,5.614333333333334,7.106,5.863666666666666,5.099166666666666,7.7105,8.034166666666668,6.9165,6.843166666666666,7.898666666666667,7.492166666666666,7.5985000000000005,7.899,7.561166666666667,7.6545,6.6931666666666665,7.759,7.988333333333333,7.531666666666666,8.449333333333334,1.7065,0.8206666666666667,1.7541666666666667,6.222666666666667,6.4145,6.2435
3166,15.765333333333333,13.871833333333333,0.5796666666666667,0.43466666666666665,0.0,0.7271666666666667,1.34,2.6420000000000003,3.6083333333333334,3.8465,6.554,6.3915,6.1155,5.578833333333334,7.175,6.312333333333333,6.110833333333333,6.679333333333333,6.551666666666667,7.027166666666667,3.5296666666666665,2.122333333333333,1.6393333333333333,2.0725,3.265833333333333,1.8458333333333334,1.3841666666666665,0.8246666666666667,2.3108333333333335,2.120833333333333,1.4043333333333334,1.8946666666666667,3.180333333333333,0.5478333333333333,0.9603333333333333,0.7185,0.24866666666666667,0.7456666666666667,2.4945,7.974333333333333,8.496,7.216333333333334,5.6995000000000005,7.191,5.948666666666667,5.184166666666667,7.7955000000000005,8.119166666666667,7.001666666666667,6.928333333333333,7.983666666666666,7.577333333333333,7.6834999999999996,7.984,7.646166666666667,7.7396666666666665,6.7781666666666665,7.843999999999999,8.073333333333332,7.616833333333333,8.534500000000001,2.0046666666666666,0.9056666666666667,1.8393333333333333,6.307666666666666,6.4995,6.328666666666667
3167,16.259166666666665,14.365666666666668,1.0735,1.1568333333333334,0.7271666666666667,0.0,1.1753333333333333,3.1358333333333333,4.102166666666666,4.340333333333334,6.5685,6.8853333333333335,6.6095,6.072666666666667,7.668833333333334,6.806333333333333,6.604666666666666,7.173166666666666,7.0455000000000005,7.521,3.3651666666666666,2.6161666666666665,1.547,1.9080000000000001,3.7598333333333334,1.6811666666666667,1.2918333333333334,0.7323333333333333,2.2185,2.0284999999999997,0.6771666666666667,2.3886666666666665,3.0156666666666667,0.7236666666666667,0.31183333333333335,1.2123333333333333,0.5111666666666667,0.642,2.329833333333333,8.468166666666667,8.688666666666668,7.710166666666667,5.713833333333333,7.205333333333333,5.963166666666667,5.1985,8.289333333333333,8.613,7.495500000000001,7.422166666666667,8.443,8.071166666666667,8.177333333333333,8.477833333333333,8.140166666666667,8.2335,7.272,8.338,8.567166666666667,7.631166666666667,9.028333333333334,2.4985,1.3995,2.3331666666666666,6.322166666666666,6.9935,6.822500000000001
3168,15.831666666666667,13.938166666666666,1.5576666666666665,1.77,1.4280000000000002,1.1753333333333333,0.0,2.7083333333333335,3.6746666666666665,3.3925,5.559,6.0729999999999995,6.1818333333333335,5.645166666666666,7.084833333333333,5.993833333333333,6.1771666666666665,6.745666666666667,6.617999999999999,7.093500000000001,2.3556666666666666,3.222666666666667,0.9540000000000001,0.8985,3.3321666666666667,0.5058333333333334,0.6988333333333333,0.6051666666666667,1.5523333333333333,1.4355,0.4983333333333333,1.9611666666666667,2.006333333333333,0.8803333333333333,1.0246666666666666,1.8256666666666668,1.6025,1.2608333333333335,1.3205,7.617500000000001,7.679166666666666,6.8595,4.7043333333333335,6.196,4.953666666666667,4.189166666666667,7.438666666666666,7.762333333333333,6.9115,6.838166666666667,7.433666666666666,7.487166666666667,7.326666666666667,7.627166666666667,7.2895,7.382833333333334,6.421333333333333,7.487333333333334,7.7165,6.621666666666667,8.177666666666667,3.1118333333333337,1.8838333333333332,2.817333333333333,5.312666666666667,6.4094999999999995,6.395
3170,15.908166666666666,14.715166666666667,2.3348333333333335,2.547166666666667,2.632166666666667,3.126,2.6671666666666667,0.0,1.35,1.5881666666666667,4.2956666666666665,4.809666666666667,5.493666666666667,5.530666666666666,5.8215,4.7305,6.5794999999999995,7.149166666666667,7.395,7.121833333333333,3.9015,3.9998333333333336,3.522,2.444166666666667,1.0075,3.173,3.266833333333333,3.1731666666666665,4.1935,4.0035,3.0420000000000003,1.8381666666666667,3.552,3.1056666666666666,3.185,2.6028333333333333,2.6475,2.5103333333333335,2.8661666666666665,6.354333333333333,6.4159999999999995,5.596166666666666,3.4410000000000003,4.932666666666666,3.6903333333333332,2.9258333333333337,6.1754999999999995,6.4991666666666665,5.648166666666667,5.574833333333333,6.170333333333334,6.223833333333333,6.0635,6.364,6.026166666666667,6.1195,5.158166666666667,6.224,6.453333333333333,5.358333333333333,6.914333333333333,3.8888333333333334,2.6608333333333336,3.5944999999999996,4.049333333333333,5.146166666666667,6.2805
3171,16.102333333333334,15.353,2.972666666666667,3.185,3.27,3.7638333333333334,3.305,1.3848333333333334,0.0,1.7821666666666667,4.489833333333333,5.003833333333334,5.687833333333333,5.724833333333334,6.015666666666666,4.924666666666667,6.7735,7.343333333333334,7.738833333333333,7.316,4.539333333333333,4.637666666666666,4.159833333333333,3.082,1.4526666666666666,3.8108333333333335,3.9046666666666665,3.811,4.831333333333333,4.641333333333334,3.6798333333333333,2.476,4.1898333333333335,3.7435,3.822666666666667,3.2405,3.2853333333333334,3.1481666666666666,3.504,6.548333333333333,6.61,5.790333333333334,3.635166666666667,5.126833333333334,3.8845,3.1199999999999997,6.3695,6.693333333333333,5.842333333333333,5.769,6.3645000000000005,6.418,6.257499999999999,6.558000000000001,6.2203333333333335,6.313666666666666,5.352333333333333,6.418166666666666,6.647333333333333,5.552499999999999,7.1085,4.526666666666667,3.2986666666666666,4.232333333333333,4.2435,5.340333333333334,6.474500000000001
3172,15.270833333333334,15.5895,3.209,3.4213333333333336,3.5065,4.000333333333334,3.541333333333333,1.6211666666666666,1.7805,0.0,3.658333333333333,4.1723333333333334,4.856333333333334,4.8933333333333335,5.184166666666667,4.093166666666667,5.942166666666666,6.511833333333333,6.907333333333333,6.4845,4.705333333333333,4.874,4.396333333333333,3.3185000000000002,1.6891666666666665,4.047166666666667,4.141166666666667,4.0475,5.067833333333334,4.877833333333333,3.916333333333333,2.7125,4.356,3.98,4.059166666666667,3.477,3.5218333333333334,3.3845,3.7348333333333334,5.716833333333333,5.778666666666667,4.958833333333333,2.8036666666666665,4.295333333333334,3.053,2.2885,5.538166666666667,5.861833333333333,5.010833333333333,4.9375,5.533,5.5865,5.426166666666666,5.7266666666666675,5.388833333333333,5.482166666666667,4.520833333333333,5.586666666666667,5.815833333333333,4.721,6.277,4.763166666666667,3.535166666666667,4.468833333333333,3.412,4.508833333333333,5.643166666666667
3199,13.901166666666667,15.310166666666667,5.886333333333334,6.098666666666667,6.183666666666666,6.677666666666667,6.218666666666667,6.343166666666666,7.3095,7.0568333333333335,0.0,0.514,1.198,1.2349999999999999,2.8310000000000004,0.43483333333333335,2.7558333333333334,3.6155,3.7513333333333336,3.672166666666667,7.453,7.551333333333333,7.073666666666667,5.995833333333334,6.967,6.724500000000001,6.8185,6.724833333333334,7.745,7.555000000000001,6.593666666666667,5.595833333333333,7.103666666666667,6.657333333333333,6.7365,6.154333333333333,6.199166666666667,6.061833333333333,6.417833333333333,3.630333333333333,4.152166666666667,2.872333333333333,3.2946666666666666,5.501499999999999,5.005333333333334,4.362333333333334,3.4516666666666667,3.7753333333333337,2.6576666666666666,2.5843333333333334,3.6396666666666664,3.2333333333333334,3.3396666666666666,3.64,3.302333333333333,3.3956666666666666,2.4343333333333335,3.5001666666666664,3.7293333333333334,6.350833333333333,4.1905,7.440333333333333,6.2125,7.146,5.364333333333334,2.155666666666667,1.9846666666666666
3200,13.4385,14.8475,5.423666666666667,5.636,5.721,6.214833333333333,5.756,5.8805,6.8468333333333335,6.593999999999999,2.5856666666666666,0.0,0.7353333333333333,0.7723333333333334,2.368333333333333,1.5058333333333331,2.2931666666666666,3.1526666666666667,3.2886666666666664,3.2095,6.990333333333334,7.088666666666667,6.610833333333333,5.533166666666667,6.504333333333333,6.261833333333333,6.355666666666666,6.262166666666667,7.282333333333333,7.092333333333333,6.131,5.133166666666667,6.640833333333333,6.1946666666666665,6.273833333333333,5.691666666666666,5.7365,5.599166666666666,5.955,3.167666666666667,3.6893333333333334,2.409666666666667,2.832,5.038833333333333,4.542666666666666,3.8996666666666666,2.9888333333333335,3.3126666666666664,2.195,2.1216666666666666,3.177,2.7706666666666666,2.8768333333333334,3.177333333333333,2.8396666666666666,2.933,1.9715,3.0375,3.2666666666666666,5.888166666666667,3.7278333333333333,6.977666666666667,5.749833333333333,6.683333333333334,4.901666666666667,1.693,1.5219999999999998
3201,13.493333333333334,14.902333333333333,5.4784999999999995,5.690833333333333,5.775833333333334,6.269666666666667,5.810833333333333,5.935333333333333,6.901666666666667,6.648833333333333,2.640333333333333,1.6396666666666666,0.0,0.827,2.4231666666666665,1.5606666666666666,2.348,3.2075,3.3433333333333333,3.2643333333333335,7.045166666666666,7.1435,6.665666666666667,5.587833333333333,6.559166666666667,6.316666666666666,6.4105,6.316999999999999,7.337166666666667,7.147166666666666,6.185833333333333,5.188,6.695666666666667,6.249333333333333,6.328666666666667,5.7465,5.791166666666667,5.654,6.009833333333333,3.2224999999999997,3.7441666666666666,2.4645,2.8868333333333336,5.093666666666667,4.5975,3.9545000000000003,3.0436666666666667,3.3673333333333333,2.2498333333333336,2.1765,3.2318333333333333,2.8255,2.9316666666666666,3.2321666666666666,2.8945,2.9878333333333336,2.026333333333333,3.0923333333333334,3.3215,5.943,3.7826666666666666,7.0325,5.8045,6.738166666666667,4.9565,1.7476666666666667,1.5768333333333333
3202,13.062000000000001,15.044,5.620166666666666,5.8325,5.9175,6.411333333333333,5.9525,6.076833333333334,6.706,6.2175,2.209,1.2083333333333333,0.9323333333333333,0.0,1.9918333333333333,1.1293333333333335,2.4896666666666665,3.3193333333333332,3.485,3.2921666666666667,7.186833333333333,7.285166666666667,6.807333333333333,5.7295,6.6145000000000005,6.458333333333333,6.5521666666666665,6.4585,7.478833333333333,7.288833333333333,6.327333333333333,5.329666666666666,6.8373333333333335,6.391,6.470166666666667,5.888166666666667,5.932833333333334,5.7956666666666665,6.1514999999999995,2.791166666666667,3.3128333333333333,2.033166666666667,2.4553333333333334,4.662333333333334,4.166166666666666,3.5231666666666666,2.6123333333333334,2.936,1.8185,1.7451666666666665,2.8005,2.3941666666666666,2.5003333333333333,2.8008333333333337,2.4631666666666665,2.5564999999999998,1.595,2.661,2.8901666666666666,5.511666666666667,3.3513333333333337,7.174166666666666,5.946166666666667,6.879833333333334,4.525166666666666,1.3165,0.7498333333333334
3203,12.526333333333334,15.469,6.045166666666666,6.257499999999999,6.3425,6.836333333333333,6.3774999999999995,6.011,6.170333333333334,5.6818333333333335,1.6733333333333333,0.6726666666666666,1.3566666666666667,1.3936666666666668,0.0,0.5936666666666667,2.214,2.783666666666667,3.179333333333333,2.7565,7.611833333333333,7.710166666666667,7.232333333333333,6.1545,6.078833333333334,6.883333333333334,6.977166666666666,6.883666666666667,7.903833333333334,7.713833333333333,6.7524999999999995,5.754666666666666,7.262333333333333,6.816,6.895333333333334,6.313166666666667,6.357833333333334,6.220666666666667,6.576499999999999,2.2555,2.7771666666666666,1.4974999999999998,1.9196666666666669,4.126666666666667,3.6305,2.9875,2.0766666666666667,2.4003333333333337,1.2828333333333333,1.2094999999999998,2.2648333333333333,1.8585,1.9646666666666666,2.2651666666666666,1.9275,2.0208333333333335,1.0593333333333335,2.1253333333333333,2.3545000000000003,4.976,2.8156666666666665,7.599166666666666,6.371166666666666,7.304833333333334,3.9895,0.7808333333333334,2.1435000000000004
3204,13.466333333333333,14.875333333333334,5.451499999999999,5.663833333333333,5.748833333333334,6.2428333333333335,5.783833333333333,5.908333333333333,6.874666666666667,6.622,2.6135,0.07916666666666666,0.7631666666666667,0.8001666666666666,2.396166666666667,0.0,2.3209999999999997,3.1806666666666668,3.3165,3.2373333333333334,7.018166666666667,7.1165,6.6386666666666665,5.561000000000001,6.532166666666667,6.289666666666666,6.3835,6.29,7.3101666666666665,7.120166666666666,6.158833333333333,5.1610000000000005,6.668833333333334,6.2225,6.301666666666667,5.7195,5.764333333333334,5.627,5.9830000000000005,3.1955,3.7173333333333334,2.4375,2.8598333333333334,5.066666666666666,4.5705,3.9275,3.0166666666666666,3.3405,2.2228333333333334,2.1495,3.204833333333333,2.7984999999999998,2.9046666666666665,3.2051666666666665,2.8675,2.9608333333333334,1.9995,3.0653333333333332,3.2944999999999998,5.9159999999999995,3.755666666666667,7.0055,5.777666666666667,6.711166666666667,4.9295,1.7208333333333334,1.5498333333333332
3205,13.2665,13.890166666666666,5.1241666666666665,5.3365,5.421666666666667,5.9155,5.4565,5.581,6.547333333333333,6.7855,3.2751666666666663,2.2745,1.9985,1.4618333333333333,2.5348333333333333,2.195333333333333,0.0,0.8595,1.2551666666666668,0.9163333333333333,6.690833333333333,6.7891666666666675,6.3115,5.233666666666666,6.204833333333334,5.9623333333333335,6.056333333333333,5.962666666666666,6.9830000000000005,6.793,5.8315,4.833666666666667,6.3415,5.895166666666666,5.974333333333333,5.392166666666666,5.437,5.299666666666667,5.655666666666666,3.7371666666666665,4.2588333333333335,3.0991666666666666,3.5215,5.7283333333333335,5.232166666666667,4.589166666666667,3.6785,4.002166666666667,0.9994999999999999,2.367,3.7464999999999997,2.0115,3.5665,3.866833333333333,3.529166666666667,3.6225,2.6611666666666665,3.6069999999999998,3.8361666666666663,6.577666666666667,4.297333333333333,6.678333333333333,5.450333333333333,6.384,5.591166666666667,1.864,2.2115
3206,13.553333333333335,14.107,5.983833333333333,6.196166666666667,6.281166666666667,6.775,6.316166666666667,6.4405,7.407,7.645,3.8496666666666663,3.134,2.8579999999999997,2.3213333333333335,3.1046666666666667,3.0548333333333333,0.8595,0.0,0.39566666666666667,0.9736666666666667,7.5504999999999995,7.648833333333333,7.171,6.093166666666666,7.0645,6.822,6.9158333333333335,6.822166666666666,7.8425,7.6525,6.691,5.693333333333333,7.201,6.754666666666666,6.833833333333333,6.251833333333334,6.2965,6.1593333333333335,6.515166666666667,4.109,4.828666666666667,3.6736666666666666,4.096,6.302833333333334,5.806666666666667,5.163666666666667,4.252833333333333,4.576666666666667,1.5691666666666668,2.9366666666666665,4.316166666666667,2.581166666666667,4.140833333333333,4.441333333333334,4.103666666666666,4.197,3.2356666666666665,4.176666666666667,4.405833333333334,7.152166666666667,4.867,7.537833333333333,6.309833333333333,7.2435,6.165666666666667,2.433666666666667,3.071166666666667
3207,13.425666666666666,13.979333333333333,5.9805,6.192833333333334,6.277833333333334,6.771833333333333,6.312833333333333,6.437333333333333,7.403666666666667,7.6418333333333335,4.245166666666667,3.5296666666666665,3.2536666666666667,2.717,3.5001666666666664,3.4505,1.2551666666666668,0.39566666666666667,0.0,1.3683333333333332,7.547166666666667,7.6455,7.167833333333333,6.09,7.061166666666667,6.818666666666667,6.9126666666666665,6.819,7.839333333333333,7.649166666666667,6.687833333333333,5.6899999999999995,7.1978333333333335,6.751499999999999,6.830666666666667,6.248500000000001,6.293333333333334,6.156000000000001,6.5120000000000005,3.981333333333333,5.224166666666666,4.069333333333334,4.4915,6.6985,6.202333333333333,5.559333333333333,4.6485,4.972166666666666,1.9648333333333334,3.332333333333333,4.711833333333333,2.9768333333333334,4.5365,4.837000000000001,4.499333333333333,4.592666666666667,3.6311666666666667,4.572333333333333,4.8015,7.547833333333333,5.262666666666666,7.534666666666666,6.306666666666667,7.240166666666667,6.561333333333334,2.829333333333333,3.466666666666667
3208,14.033833333333332,14.440166666666666,6.0405,6.252833333333333,6.337833333333333,6.831666666666666,6.372833333333333,6.497333333333333,7.463666666666667,7.617166666666666,3.6086666666666667,3.1906666666666665,2.914833333333333,2.378,2.8636666666666666,3.1116666666666664,0.9163333333333333,0.9736666666666667,1.3683333333333332,0.0,7.607166666666667,7.7055,7.227666666666667,6.15,7.121166666666666,6.878666666666667,6.9725,6.8790000000000004,7.899166666666667,7.7091666666666665,6.747833333333333,5.75,7.257666666666666,6.8115,6.890666666666666,6.3084999999999996,6.3533333333333335,6.215999999999999,6.572,4.066,4.587666666666666,3.432666666666667,3.855,6.061833333333333,5.565833333333333,4.922666666666667,4.012,4.335666666666667,1.3283333333333334,2.6958333333333333,4.075333333333334,2.340333333333333,3.9,4.2005,3.8626666666666667,3.956166666666667,2.994666666666667,3.9358333333333335,4.165,6.911333333333333,4.626166666666666,7.5945,6.366666666666666,7.300166666666667,5.924833333333334,2.192833333333333,3.1278333333333332
3210,17.63533333333333,15.8905,3.51,3.7223333333333333,3.635,3.3823333333333334,2.306,4.1855,4.344833333333333,3.8564999999999996,6.022833333333334,6.536833333333333,7.220833333333333,7.257833333333334,7.548666666666667,6.457666666666666,8.1295,8.698,8.570166666666667,8.849,0.0,5.175,3.161,1.4623333333333333,4.2535,2.8118333333333334,2.9058333333333333,2.8121666666666667,3.8325,3.6425,2.7053333333333334,3.9133333333333336,0.3495,3.0873333333333335,3.231666666666667,3.778,3.8095,3.467833333333333,1.0403333333333333,8.0815,8.143166666666666,7.323333333333333,5.168333333333334,6.659833333333333,5.4175,4.6530000000000005,7.902666666666667,8.226333333333333,7.375333333333333,7.3020000000000005,7.8975,7.951,7.790666666666667,8.091166666666668,7.753333333333333,7.846666666666667,6.8853333333333335,7.9511666666666665,8.1805,7.0855,8.6415,5.063999999999999,3.8361666666666663,4.769666666666667,5.7764999999999995,6.873333333333333,8.007666666666667
3217,17.133,15.2395,1.665,1.8241666666666667,2.122333333333333,2.6161666666666665,3.388,4.009666666666667,4.976,5.214166666666667,7.740333333333334,7.759166666666667,7.4831666666666665,6.9465,8.542499999999999,7.680000000000001,7.4784999999999995,8.047,7.9191666666666665,8.394666666666668,5.1195,0.0,3.6875,3.6623333333333337,4.6335,3.8938333333333333,3.4323333333333332,2.8728333333333333,4.359,4.169,3.059166666666667,3.2623333333333333,4.77,2.595833333333333,2.928,1.489,2.1376666666666666,2.527333333333333,4.084333333333333,9.342,9.860666666666667,8.583833333333333,6.885666666666666,8.377333333333333,7.135000000000001,6.370500000000001,9.163166666666665,9.486833333333333,8.369166666666667,8.295833333333333,9.351333333333335,8.944833333333333,9.051166666666667,9.351666666666667,9.013833333333334,9.107166666666666,8.145833333333334,9.211666666666668,9.441,8.802999999999999,9.902,0.619,1.3388333333333333,0.41766666666666663,7.494,7.867166666666666,7.696166666666667
3221,16.672333333333334,14.778833333333333,1.9938333333333333,1.9231666666666667,1.4883333333333333,1.3960000000000001,1.0066666666666666,3.5491666666666664,4.5155,4.233333333333333,6.399666666666667,6.913666666666667,7.022666666666667,6.486000000000001,7.9254999999999995,6.8345,7.017833333333333,7.586333333333333,7.458666666666667,7.934166666666667,3.1965,3.5364999999999998,0.0,1.7391666666666665,4.173,1.5125,1.051,0.6636666666666666,1.9775,0.4815,1.339,2.8018333333333336,2.847,0.9406666666666667,1.085,2.1326666666666667,1.6628333333333332,1.9896666666666667,2.1611666666666665,8.458166666666667,8.52,7.700166666666666,5.545,7.036666666666666,5.794333333333333,5.029833333333333,8.2795,8.603166666666668,7.752166666666667,7.678833333333333,8.274333333333333,8.327833333333334,8.1675,8.468,8.130166666666666,8.223666666666666,7.262166666666667,8.328,8.557333333333334,7.4623333333333335,9.018333333333334,3.418833333333333,2.3198333333333334,3.2535000000000003,6.153333333333333,7.250166666666667,7.235666666666666
3225,16.326666666666668,14.433166666666667,2.0528333333333335,2.2651666666666666,2.177833333333333,1.9251666666666667,0.8488333333333333,3.2035,3.6085,3.1199999999999997,5.286333333333333,5.800333333333333,6.484333333333334,6.140333333333333,6.812166666666667,5.721333333333333,6.672166666666667,7.240666666666667,7.1129999999999995,7.5885,1.4623333333333333,3.717833333333333,1.7036666666666667,0.0,3.5170000000000003,1.3546666666666667,1.4485,1.355,2.3751666666666664,2.185166666666667,1.248,2.456166666666667,1.113,1.63,1.7745,2.320666666666667,2.352333333333333,2.010666666666667,0.422,7.345,7.406666666666666,6.587000000000001,4.4318333333333335,5.923333333333333,4.681166666666667,3.9165,7.166166666666667,7.489833333333333,6.638833333333333,6.5655,7.1610000000000005,7.214666666666667,7.054166666666666,7.354666666666666,7.0169999999999995,7.110333333333333,6.148833333333333,7.214833333333333,7.444,6.349166666666666,7.905,3.6068333333333333,2.378833333333333,3.3125,5.040166666666667,6.136833333333333,6.89
3249,16.010833333333334,15.0105,2.6301666666666668,2.8425000000000002,2.9275,3.4213333333333336,2.9625,1.0423333333333333,1.4526666666666666,1.6908333333333334,4.3983333333333325,4.912333333333334,5.596333333333333,5.633333333333334,5.924166666666666,4.833166666666667,6.682166666666666,7.251833333333334,7.6475,7.224500000000001,4.196833333333333,4.295166666666666,3.817333333333333,2.7395,0.0,3.4683333333333333,3.5621666666666667,3.4685,4.488833333333333,4.2988333333333335,3.3373333333333335,2.1334999999999997,3.8473333333333333,3.4010000000000002,3.480166666666667,2.898,2.942833333333333,2.8056666666666668,3.1614999999999998,6.457,6.518666666666666,5.698833333333334,3.543833333333333,5.035333333333333,3.793,3.0285,6.2781666666666665,6.601833333333333,5.7508333333333335,5.677499999999999,6.273,6.326499999999999,6.166166666666667,6.466666666666667,6.128833333333334,6.222166666666666,5.260833333333333,6.326666666666667,6.556,5.461,7.0169999999999995,4.184166666666667,2.956166666666667,3.8898333333333333,4.152,5.248833333333334,6.383166666666667
3261,16.3375,14.443999999999999,2.0635,2.2758333333333334,1.8956666666666666,1.6811666666666667,0.5058333333333334,3.2141666666666664,4.1805,3.8983333333333334,6.0648333333333335,6.578833333333334,6.687666666666667,6.151,7.5906666666666665,6.499666666666667,6.683000000000001,7.251499999999999,7.123666666666667,7.599166666666666,2.8615,3.7285,1.4215000000000002,1.4043333333333334,3.838,0.0,1.2046666666666668,1.0728333333333333,1.27,1.903,1.0041666666666667,2.466833333333333,2.5121666666666664,1.3478333333333334,1.4923333333333335,2.3314999999999997,2.0701666666666667,1.7666666666666666,1.8263333333333334,8.123333333333333,8.185,7.365333333333334,5.210166666666667,6.701666666666667,5.4595,4.694999999999999,7.944500000000001,8.268166666666666,7.417333333333334,7.343999999999999,7.939333333333334,7.992999999999999,7.8325,8.133000000000001,7.795333333333334,7.8886666666666665,6.9271666666666665,7.993166666666666,8.222333333333333,7.1274999999999995,8.6835,3.6175,2.3896666666666664,3.3231666666666664,5.8185,6.915333333333334,6.900833333333334
3262,16.619333333333334,14.725833333333332,2.0576666666666665,1.9871666666666667,1.5523333333333333,1.46,0.7876666666666666,3.496166666666667,4.4625,4.1803333333333335,6.346666666666667,6.860666666666666,6.969666666666667,6.433000000000001,7.8725000000000005,6.781499999999999,6.964833333333333,7.5335,7.405666666666666,7.881166666666667,3.1435000000000004,3.6005,1.0783333333333334,1.6861666666666666,4.12,0.5053333333333333,0.0,0.7295,0.9266666666666666,1.5598333333333334,1.286,2.7488333333333332,2.7939999999999996,1.0046666666666666,1.149,2.1966666666666668,1.7268333333333332,2.0486666666666666,2.1081666666666665,8.405333333333333,8.467,7.647166666666666,5.492,6.983666666666666,5.741333333333333,4.976833333333333,8.2265,8.550166666666666,7.699166666666667,7.6258333333333335,8.221333333333332,8.274833333333333,8.1145,8.415,8.077166666666667,8.170666666666667,7.2091666666666665,8.275,8.504333333333333,7.4094999999999995,8.965333333333332,3.4828333333333332,2.3838333333333335,3.3175000000000003,6.100333333333333,7.197166666666666,7.182666666666666
3263,16.182833333333335,14.289333333333333,1.3299999999999998,1.2594999999999998,0.8246666666666667,0.7323333333333333,0.517,3.0595,4.025833333333334,3.743666666666667,5.910166666666667,6.424166666666666,6.533,5.996333333333333,7.436000000000001,6.345,6.528333333333333,7.0968333333333335,6.968999999999999,7.444500000000001,2.7068333333333334,2.8728333333333333,0.8165,1.2496666666666667,3.683333333333333,1.0230000000000001,0.5613333333333334,0.0,1.488,1.2979999999999998,0.8495,2.3121666666666667,2.3575,0.2768333333333333,0.42133333333333334,1.469,0.9991666666666668,1.326,1.6716666666666666,7.968666666666667,8.030333333333333,7.210666666666667,5.055499999999999,6.547,5.304833333333334,4.540333333333334,7.789833333333333,8.1135,7.262666666666666,7.189333333333334,7.784666666666666,7.838333333333334,7.677833333333334,7.9783333333333335,7.640666666666666,7.734,6.7725,7.8385,8.067666666666666,6.972833333333333,8.528833333333333,2.7550000000000003,1.6561666666666668,2.589833333333333,5.663833333333333,6.7604999999999995,6.746166666666666
3264,17.703666666666667,15.81,3.0853333333333333,3.0146666666666664,2.579833333333333,2.4876666666666667,1.8719999999999999,4.580333333333333,5.546666666666667,5.2645,7.431,7.944833333333333,8.053833333333333,7.517166666666666,8.956833333333332,7.865833333333333,8.049166666666666,8.617666666666667,8.489833333333333,8.965333333333332,4.227666666666667,4.628,1.1621666666666668,2.7704999999999997,5.204166666666667,1.5895000000000001,2.1443333333333334,1.7570000000000001,0.0,0.6806666666666668,2.370166666666667,3.8329999999999997,3.8781666666666665,2.032166666666667,2.1765,3.2241666666666666,2.7543333333333333,3.081166666666667,3.192333333333333,9.4895,9.551166666666667,8.7315,6.576333333333333,8.067833333333333,6.825666666666667,6.061000000000001,9.310666666666666,9.634333333333332,8.7835,8.71,9.3055,9.359166666666665,9.198666666666666,9.499166666666667,9.1615,9.254833333333332,8.293333333333333,9.359333333333332,9.5885,8.493666666666666,10.049666666666667,4.5103333333333335,3.4113333333333333,4.345,7.184666666666667,8.281333333333333,8.267
3265,17.153833333333335,15.260333333333334,2.4753333333333334,2.4046666666666665,1.9698333333333333,1.8775000000000002,1.4881666666666669,4.030666666666667,4.997,4.714833333333333,6.881166666666667,7.395166666666666,7.504166666666666,6.9675,8.407,7.316,7.499333333333333,8.068,7.940166666666667,8.415666666666667,3.678,4.018,0.4815,2.220666666666667,4.6545,1.8113333333333335,1.5325,1.1451666666666667,1.7365,0.0,1.8205,3.283333333333333,3.3285,1.4221666666666666,1.5665,2.6141666666666667,2.1443333333333334,2.471166666666667,2.6426666666666665,8.939833333333333,9.0015,8.181666666666667,6.026666666666667,7.518166666666667,6.275833333333334,5.511333333333334,8.761,9.084666666666667,8.233666666666666,8.160333333333334,8.755833333333333,8.809333333333333,8.649000000000001,8.9495,8.611666666666668,8.705,7.743666666666667,8.809500000000002,9.038833333333335,7.943833333333333,9.499833333333333,3.9003333333333337,2.8013333333333335,3.735,6.634833333333333,7.7316666666666665,7.7171666666666665
3266,16.164,14.2705,1.3941666666666668,1.6065,1.4043333333333334,0.6771666666666667,0.4983333333333333,3.0406666666666666,4.007,3.7248333333333337,5.891333333333334,6.405333333333333,6.514166666666667,5.9775,7.417166666666666,6.3261666666666665,6.5095,7.078,6.950333333333333,7.425833333333333,2.688,3.059166666666667,1.3531666666666666,1.2308333333333332,3.6645,1.0041666666666667,1.0979999999999999,0.9813333333333334,2.0246666666666666,1.8346666666666667,0.0,2.2935000000000003,2.3386666666666667,0.9726666666666667,0.5608333333333333,1.662,1.1883333333333332,0.7626666666666666,1.6528333333333334,7.949833333333333,8.0115,7.191833333333333,5.036666666666666,6.528333333333333,5.2860000000000005,4.5215000000000005,7.771,8.094666666666667,7.243833333333333,7.1705000000000005,7.766,7.819500000000001,7.659000000000001,7.9595,7.621833333333333,7.715166666666667,6.753833333333334,7.8196666666666665,8.048833333333333,6.954,8.51,2.9481666666666664,1.7201666666666666,2.653833333333333,5.645,6.741833333333333,6.727333333333333
3547,16.2745,15.081666666666667,2.7011666666666665,2.9135,2.9985,3.4925,3.0334999999999996,0.7501666666666666,1.7165,1.9545,4.662166666666667,5.176166666666666,5.860166666666667,5.897166666666666,6.188,5.0969999999999995,6.945833333333334,7.5155,7.7615,7.488333333333333,4.267833333333333,4.366166666666667,3.8883333333333336,2.8106666666666666,1.3739999999999999,3.5393333333333334,3.633166666666667,3.5396666666666667,4.5600000000000005,4.37,3.4084999999999996,0.0,3.9185000000000003,3.472166666666667,3.5513333333333335,2.9691666666666667,3.0140000000000002,2.8766666666666665,3.232666666666667,6.720666666666667,6.782333333333333,5.962666666666666,3.8074999999999997,5.299166666666666,4.0568333333333335,3.292333333333333,6.541833333333333,6.8655,6.014666666666667,5.941333333333334,6.536666666666666,6.590333333333334,6.429833333333334,6.730333333333333,6.392666666666667,6.486000000000001,5.524500000000001,6.5905000000000005,6.8196666666666665,5.724833333333334,7.280833333333334,4.255333333333334,3.027333333333333,3.9608333333333334,4.4158333333333335,5.512666666666666,6.646833333333333
3551,17.285833333333336,15.541,3.1605,3.3729999999999998,3.2856666666666663,3.033,1.9566666666666668,3.8361666666666663,3.9955,3.5069999999999997,5.673500000000001,6.187333333333333,6.8715,6.9085,7.199333333333333,6.108333333333333,7.78,8.3485,8.220833333333333,8.499666666666666,0.3495,4.825666666666667,2.8115,1.113,3.9040000000000004,2.4625,2.5563333333333333,2.4626666666666663,3.4829999999999997,3.293,2.3558333333333334,3.564,0.0,2.7378333333333336,2.882166666666667,3.4285,3.460166666666667,3.1185,0.6910000000000001,7.732,7.793666666666667,6.974,4.818833333333333,6.310333333333333,5.0681666666666665,4.3035,7.553166666666667,7.876833333333334,7.026,6.952666666666667,7.548,7.6016666666666675,7.441166666666667,7.741666666666666,7.404,7.497333333333333,6.535833333333333,7.601833333333333,7.831,6.736166666666667,8.292166666666667,4.714666666666667,3.4866666666666664,4.420333333333334,5.4271666666666665,6.523833333333333,7.658166666666667
3553,16.238833333333336,14.345333333333334,1.0531666666666666,0.9825,0.5478333333333333,0.7236666666666667,0.7921666666666667,3.1155,4.082,4.018833333333333,6.1851666666666665,6.699166666666667,6.589166666666667,6.052499999999999,7.6485,6.62,6.584333333333333,7.152833333333334,7.025166666666666,7.500666666666667,2.9819999999999998,2.595833333333333,1.0916666666666666,1.5246666666666668,3.7395,1.2979999999999998,0.8364999999999999,0.2768333333333333,1.7631666666666668,1.5731666666666666,0.9726666666666667,2.368333333333333,2.6325,0.0,0.4126666666666667,1.1921666666666666,0.7223333333333334,1.2193333333333334,1.9466666666666665,8.243833333333333,8.3055,7.485666666666666,5.3305,6.822166666666666,5.579833333333334,4.815333333333333,8.065,8.388666666666667,7.4751666666666665,7.401833333333333,8.059833333333334,8.050833333333333,7.953,8.253499999999999,7.915666666666667,8.009166666666667,7.047666666666667,8.1135,8.342833333333333,7.247833333333333,8.803833333333333,2.4781666666666666,1.3791666666666667,2.3128333333333333,5.938833333333333,6.973166666666667,6.8021666666666665
3554,16.318,14.4245,1.3851666666666667,1.3951666666666667,0.9603333333333333,0.31183333333333335,0.9365,3.1948333333333334,4.1611666666666665,4.163166666666666,6.329666666666666,6.843500000000001,6.668333333333334,6.131666666666666,7.727666666666667,6.7645,6.6635,7.232,7.104333333333333,7.579833333333334,3.1263333333333336,2.928,1.236,1.6691666666666667,3.8186666666666667,1.4423333333333335,0.9808333333333333,0.42133333333333334,1.9075,1.7175,0.5608333333333333,2.4475,2.777,0.4126666666666667,0.0,1.5241666666666667,0.8230000000000001,0.9055,2.0911666666666666,8.388166666666667,8.449833333333334,7.630166666666667,5.475,6.9665,5.724333333333333,4.959666666666666,8.209333333333333,8.533,7.554333333333333,7.481,8.204166666666667,8.13,8.097333333333333,8.397833333333333,8.060166666666667,8.1535,7.191999999999999,8.258000000000001,8.487166666666667,7.392333333333334,8.948333333333332,2.8103333333333333,1.7113333333333334,2.645,6.083333333333333,7.052333333333333,6.881333333333333
3555,15.735999999999999,13.842333333333332,0.5501666666666666,0.42033333333333334,0.7185,1.2123333333333333,1.9843333333333333,2.6126666666666667,3.579,3.8171666666666666,6.251333333333333,6.362166666666667,6.086166666666667,5.5495,7.1455,6.283,6.081333333333333,6.65,6.522166666666666,6.9976666666666665,3.7224999999999997,1.489,2.283666666666667,2.2651666666666666,3.2365,2.4901666666666666,2.0284999999999997,1.469,2.9551666666666665,2.7651666666666666,1.662,1.8653333333333333,3.3729999999999998,1.1921666666666666,1.5241666666666667,0.0,0.7338333333333333,1.1303333333333332,2.6871666666666667,7.944833333333333,8.371666666666666,7.186833333333333,5.3966666666666665,6.888333333333334,5.646,4.8815,7.766,8.089833333333333,6.972166666666666,6.898833333333333,7.954166666666667,7.547833333333333,7.654,7.9544999999999995,7.616833333333333,7.710166666666667,6.748833333333334,7.814666666666667,8.043833333333334,7.313999999999999,8.505,1.3713333333333333,0.8763333333333333,1.8098333333333334,6.005,6.470166666666667,6.299166666666666
3556,15.780666666666667,13.887166666666667,0.5950000000000001,0.6783333333333333,0.24866666666666667,0.5111666666666667,1.5145000000000002,2.6573333333333333,3.6238333333333332,3.8618333333333337,6.569500000000001,6.406833333333334,6.131,5.594166666666666,7.190333333333333,6.327833333333333,6.126166666666666,6.6946666666666665,6.566999999999999,7.0425,3.704333333333333,2.1376666666666666,1.8138333333333334,2.247,3.2813333333333334,2.0203333333333333,1.5586666666666666,0.9991666666666668,2.4853333333333336,2.2953333333333332,1.1883333333333332,1.9101666666666666,3.354833333333333,0.7223333333333334,0.8230000000000001,0.7338333333333333,0.0,0.5296666666666667,2.6689999999999996,7.9896666666666665,8.511333333333333,7.2316666666666665,5.714833333333333,7.206333333333333,5.964166666666667,5.199666666666667,7.810833333333333,8.1345,7.0169999999999995,6.943666666666667,7.999,7.592666666666667,7.698833333333334,7.999333333333333,7.661666666666666,7.755,6.7935,7.8595,8.088666666666667,7.6321666666666665,8.549833333333334,2.02,0.9209999999999999,1.8546666666666667,6.323166666666666,6.515,6.343999999999999
3557,15.6435,13.749833333333333,0.8623333333333334,1.0746666666666667,0.7456666666666667,0.642,1.2608333333333335,2.520166666666667,3.4865,3.7246666666666663,6.432166666666666,6.269666666666667,5.993666666666667,5.457,7.053,6.1905,5.988833333333333,6.5575,6.429666666666666,6.905166666666667,3.4506666666666663,2.527333333333333,2.1158333333333332,1.9935,3.1439999999999997,1.7666666666666666,1.8606666666666667,1.326,2.7873333333333337,2.5973333333333333,0.7626666666666666,1.7728333333333335,3.1011666666666664,1.2193333333333334,0.9055,1.1303333333333332,0.5296666666666667,0.0,2.4155,7.852333333333333,8.374166666666666,7.094333333333334,5.5775,7.069166666666666,5.826833333333334,5.062333333333333,7.673666666666667,7.997333333333333,6.879666666666666,6.806333333333333,7.861666666666666,7.455333333333333,7.5616666666666665,7.862166666666667,7.524333333333333,7.617666666666667,6.656333333333333,7.722166666666666,7.951333333333333,7.494833333333333,8.4125,2.416333333333333,1.1883333333333332,2.122,6.185833333333333,6.377666666666667,6.206666666666666
3560,16.664833333333334,14.855166666666666,2.4748333333333337,2.6871666666666667,2.5998333333333337,2.347166666666667,1.2708333333333333,3.2150000000000003,3.3743333333333334,2.886,5.052333333333333,5.566333333333334,6.250333333333333,6.287333333333334,6.578166666666666,5.487166666666667,7.094166666666666,7.6626666666666665,7.535,7.8785,1.0403333333333333,4.139833333333333,2.1256666666666666,0.422,3.283,1.7766666666666666,1.8705,1.7770000000000001,2.797166666666667,2.6071666666666666,1.6700000000000002,2.8781666666666665,0.6910000000000001,2.052,2.1965,2.7426666666666666,2.7743333333333333,2.432666666666667,0.0,7.110833333333333,7.172666666666667,6.352833333333334,4.1978333333333335,5.689333333333334,4.447,3.6824999999999997,6.932166666666666,7.255833333333333,6.404833333333333,6.3315,6.9270000000000005,6.9805,6.820166666666666,7.120666666666667,6.7828333333333335,6.876333333333333,5.914833333333333,6.980666666666666,7.21,6.114999999999999,7.671,4.028833333333333,2.8008333333333337,3.7344999999999997,4.806,5.902833333333334,7.037166666666667
3900,10.584666666666667,14.546333333333333,8.364333333333333,8.576666666666666,8.661666666666667,8.879,7.802666666666667,6.815333333333333,6.974833333333334,6.4863333333333335,2.4778333333333333,2.991833333333333,3.6758333333333337,3.7128333333333337,3.2276666666666665,2.9126666666666665,3.7875,4.293166666666666,4.165333333333333,4.329833333333334,9.089,10.029333333333334,8.6575,8.347333333333333,6.883333333333334,8.3085,8.402333333333333,8.308666666666666,9.329,9.139000000000001,8.201833333333333,7.906666666666666,8.739666666666666,8.583833333333333,8.728166666666668,8.632166666666667,8.677,8.539833333333332,8.118500000000001,0.0,2.283666666666667,1.9355,2.7241666666666666,4.931166666666667,4.4350000000000005,3.7918333333333334,1.8483333333333334,2.1719999999999997,2.8561666666666667,2.1743333333333337,1.7713333333333334,2.0206666666666666,1.8886666666666665,2.7031666666666667,1.7631666666666668,2.458833333333333,1.4973333333333334,1.6316666666666668,1.861,5.7805,2.322,9.918333333333333,8.690333333333333,9.624,4.794,2.552333333333333,4.462666666666666
3903,12.005666666666666,15.776833333333334,8.340666666666667,8.552999999999999,8.638,8.816333333333334,7.739999999999999,6.752833333333333,6.912166666666667,6.4238333333333335,2.4778333333333333,2.991833333333333,3.6758333333333337,3.7128333333333337,3.7493333333333334,2.9126666666666665,4.309166666666667,4.878833333333334,5.145333333333334,4.8516666666666675,9.0265,10.005666666666666,8.595,8.284666666666666,6.820666666666667,8.245833333333334,8.339833333333333,8.246166666666666,9.266333333333334,9.076500000000001,8.139333333333333,7.843999999999999,8.677,8.521166666666666,8.665666666666668,8.608666666666666,8.653500000000001,8.516166666666667,8.056000000000001,2.283666666666667,0.0,1.8126666666666666,2.6616666666666666,4.8685,4.372333333333333,3.7293333333333334,1.0903333333333334,1.252,3.378,2.6959999999999997,0.574,2.542333333333333,1.4431666666666667,2.5803333333333334,2.044,2.336,2.019,0.9391666666666667,1.1683333333333332,5.717833333333333,1.5103333333333333,9.894666666666666,8.666833333333333,9.600333333333333,4.731333333333334,3.074,4.462666666666666
3909,12.994666666666665,15.9755,6.5281666666666665,6.7405,6.8255,7.003833333333334,5.927499999999999,4.940333333333333,5.099666666666667,4.611166666666667,0.6653333333333333,1.1793333333333333,1.8633333333333333,1.9003333333333332,2.1911666666666667,1.1001666666666667,2.949,3.518666666666667,3.9143333333333334,3.4915000000000003,7.2139999999999995,8.193166666666666,6.782333333333333,6.472166666666666,5.008166666666667,6.433333333333334,6.527166666666667,6.433666666666666,7.453833333333334,7.263833333333333,6.326666666666667,6.031499999999999,6.8645000000000005,6.708666666666667,6.853166666666667,6.796166666666666,6.840833333333333,6.703666666666667,6.2435,2.7238333333333333,3.2455,0.0,0.849,3.056,2.559833333333333,1.9168333333333334,2.545,2.868666666666667,2.0178333333333334,1.9445000000000001,2.733166666666667,2.5935,2.433,2.7335,2.3958333333333335,2.4891666666666667,1.5276666666666665,2.5936666666666666,2.8228333333333335,3.905333333333333,3.284,8.082166666666668,6.854166666666667,7.787833333333333,2.918833333333333,1.5156666666666667,2.65
3911,13.188333333333333,16.169166666666666,5.683333333333334,5.895666666666667,5.980666666666666,6.159000000000001,5.082666666666666,4.0954999999999995,4.254833333333333,3.7665,0.8588333333333333,1.3728333333333333,2.056833333333333,2.0938333333333334,2.3848333333333334,1.2938333333333332,3.1426666666666665,3.7123333333333335,4.108,3.685166666666667,6.369166666666667,7.348333333333333,5.9375,5.6273333333333335,4.163333333333333,5.5885,5.682333333333333,5.588833333333333,6.609,6.419,5.481833333333333,5.1866666666666665,6.019666666666667,5.863833333333333,6.008333333333334,5.951333333333333,5.9959999999999996,5.858833333333333,5.398666666666667,2.9175,3.4391666666666665,2.1595,0.0,2.2111666666666663,1.715,1.0719999999999998,2.7386666666666666,3.0623333333333336,2.2113333333333336,2.1381666666666663,2.9268333333333336,2.7871666666666663,2.6266666666666665,2.9271666666666665,2.5895,2.6828333333333334,1.7213333333333334,2.7873333333333337,3.0165,3.0604999999999998,3.4775,7.237333333333334,6.009333333333333,6.943,2.074,1.7093333333333334,2.8436666666666666
3912,13.9605,19.070666666666668,7.851,8.063333333333334,8.1485,8.326833333333333,7.2505,6.263166666666667,6.422666666666667,5.934166666666667,3.7605,4.274500000000001,4.9585,4.995500000000001,5.286333333333333,4.195333333333333,6.0441666666666665,6.613833333333333,7.0095,6.586666666666667,8.536833333333334,9.516,8.105333333333332,7.795166666666666,6.331166666666666,7.756333333333333,7.8501666666666665,7.7565,8.776833333333334,8.586833333333335,7.649666666666667,7.3545,8.1875,8.031666666666666,8.176,8.119,8.163833333333333,8.0265,7.566333333333334,5.819,4.468333333333334,5.061000000000001,2.9058333333333333,0.0,1.4121666666666668,3.2396666666666665,4.396166666666667,4.557833333333334,5.1129999999999995,5.039666666666666,4.222666666666667,5.688666666666666,4.749,5.828666666666667,5.349833333333334,5.584333333333333,4.622833333333333,4.587833333333333,4.816999999999999,1.2273333333333334,5.159000000000001,9.405166666666666,8.177166666666666,9.110833333333334,1.1116666666666668,4.610833333333333,5.745166666666666
3913,12.648,18.113166666666665,7.927333333333333,8.139666666666667,8.224666666666668,8.403,7.326666666666667,6.3395,6.498833333333334,6.0104999999999995,4.300833333333333,4.8148333333333335,5.498833333333334,5.535833333333333,5.826666666666667,4.735666666666666,6.5845,7.154166666666667,7.4815,7.127,8.613166666666666,9.592333333333332,8.181666666666667,7.8715,6.4075,7.8325,7.9265,7.832833333333334,8.853166666666668,8.663166666666665,7.726,7.430666666666666,8.263666666666667,8.108,8.252333333333333,8.195333333333334,8.240166666666667,8.102833333333333,7.642666666666667,4.619833333333333,3.1558333333333333,3.806,3.446166666666667,1.3418333333333334,0.0,3.3160000000000003,3.0835,3.2453333333333334,5.653333333333333,5.032333333333333,2.910166666666667,4.8785,3.4365,4.573666666666667,4.037333333333334,4.3293333333333335,4.355333333333333,3.2753333333333337,3.5045,1.7676666666666667,3.8465,9.481333333333334,8.253499999999999,9.187000000000001,0.45866666666666667,5.151333333333333,6.2855
3914,13.648166666666667,17.05483333333333,5.398666666666667,5.611000000000001,5.696166666666667,5.874333333333333,4.798166666666666,3.8108333333333335,3.9701666666666666,3.4818333333333333,1.7446666666666668,2.2584999999999997,2.9425000000000003,2.9795000000000003,3.2704999999999997,2.1795,4.028333333333333,4.598,4.993666666666667,4.570833333333334,6.0845,7.063666666666666,5.6530000000000005,5.342833333333333,3.878833333333333,5.304,5.397833333333334,5.304166666666666,6.3245000000000005,6.1345,5.197333333333333,4.902166666666667,5.735166666666667,5.5793333333333335,5.723666666666667,5.666666666666667,5.7115,5.574166666666667,5.114,3.803166666666667,4.156000000000001,3.045166666666667,0.89,2.6726666666666667,1.4304999999999999,0.0,3.6243333333333334,3.948,3.097166666666667,3.0238333333333336,3.8125,3.6728333333333336,3.5123333333333333,3.8128333333333333,3.4751666666666665,3.5685000000000002,2.6069999999999998,3.673,3.9021666666666666,3.0985,4.363333333333333,6.952833333333333,5.724833333333334,6.6585,1.7895,2.5949999999999998,3.7293333333333334
3916,12.119166666666667,15.341666666666667,7.2505,7.462833333333333,7.547833333333333,7.726166666666667,6.6498333333333335,5.6626666666666665,5.822,5.333666666666667,1.3876666666666668,1.9016666666666666,2.5856666666666666,2.622666666666667,2.9135,1.8225,3.6715,4.2411666666666665,4.636666666666667,4.2138333333333335,7.936333333333334,8.9155,7.504833333333334,7.1946666666666665,5.730666666666666,7.155666666666666,7.249666666666667,7.156000000000001,8.176333333333334,7.9863333333333335,7.049166666666666,6.753833333333334,7.586833333333333,7.431166666666667,7.5755,7.5185,7.5633333333333335,7.426,6.965833333333333,1.8483333333333334,1.0903333333333334,0.7225,1.5715000000000001,3.7783333333333333,3.282166666666667,2.6391666666666667,0.0,0.3238333333333333,2.7401666666666666,2.2608333333333333,0.894,2.1071666666666666,0.353,1.4901666666666666,0.9538333333333333,1.2458333333333333,1.5838333333333334,0.9346666666666666,0.8858333333333334,4.627833333333333,1.555,8.804499999999999,7.576666666666667,8.510166666666667,3.6413333333333333,2.2381666666666664,3.3725
3917,12.755833333333333,15.978333333333333,7.887166666666667,8.0995,8.1845,8.362833333333333,7.2865,6.299333333333333,6.458666666666667,5.9703333333333335,2.0243333333333333,2.5383333333333336,3.2223333333333333,3.259333333333333,3.5501666666666667,2.459166666666667,4.308166666666667,4.877833333333333,5.2733333333333325,4.850499999999999,8.573,9.552166666666666,8.1415,7.831333333333333,6.367333333333334,7.792333333333334,7.886333333333334,7.792666666666666,8.812999999999999,8.623,7.685833333333333,7.3905,8.223666666666666,8.067833333333333,8.212166666666667,8.155166666666666,8.2,8.062666666666667,7.6025,2.485,1.5650000000000002,1.3591666666666666,2.2081666666666666,4.415,3.918833333333333,3.2758333333333334,0.6368333333333334,0.0,3.3768333333333334,2.8975,1.3096666666666665,2.7438333333333333,0.9896666666666667,2.1268333333333334,1.5905,1.8825,2.2205,0.8829999999999999,0.7156666666666667,5.264333333333334,1.8604999999999998,9.441166666666668,8.213333333333333,9.146833333333332,4.277833333333334,2.8748333333333336,4.009166666666667
3920,13.0085,14.609333333333332,6.055499999999999,6.267833333333333,6.352833333333334,6.846666666666667,6.387833333333333,6.512333333333333,6.777333333333333,6.288833333333333,2.280333333333333,2.2125,2.8965,2.3930000000000002,1.5398333333333334,2.1334999999999997,0.9311666666666666,1.5010000000000001,1.8965,1.4736666666666667,7.622166666666667,7.7205,7.242666666666667,6.164833333333333,6.685833333333333,6.893666666666666,6.9875,6.894,7.9141666666666675,7.724166666666666,6.762833333333333,5.765,7.272666666666667,6.826333333333333,6.905666666666666,6.3235,6.368166666666666,6.231,6.586833333333333,2.7376666666666667,3.259333333333333,2.1045,2.5266666666666664,4.733666666666666,4.2375,3.5944999999999996,2.683666666666667,3.0073333333333334,0.0,1.3675,2.747,1.012,2.5716666666666668,2.8721666666666668,2.5345,2.6278333333333332,1.6663333333333334,2.6075,2.8366666666666664,5.583,3.2978333333333336,7.6095,6.3815,7.315166666666667,4.596500000000001,0.8644999999999999,3.1428333333333334
3921,12.591833333333334,15.701666666666666,7.147833333333334,7.360166666666667,7.445166666666666,7.938999999999999,7.063666666666666,6.076499999999999,6.235833333333333,5.747333333333333,1.7388333333333332,1.9383333333333332,2.6225,2.6595,1.2656666666666667,1.8593333333333333,2.0236666666666667,2.5933333333333333,2.9888333333333335,2.5660000000000003,8.350166666666667,8.812833333333334,7.9185,7.2571666666666665,6.144333333333334,7.569500000000001,7.663333333333333,7.569833333333333,8.59,8.4,7.462833333333333,6.857333333333333,8.000666666666667,7.844833333333333,7.989333333333334,7.4158333333333335,7.460666666666667,7.323333333333333,7.379666666666666,2.3209999999999997,2.8426666666666667,1.563,1.9851666666666667,4.192166666666667,3.6959999999999997,3.053,2.1421666666666668,2.4658333333333333,1.0923333333333334,0.0,2.3303333333333334,1.1508333333333334,2.0301666666666667,2.3306666666666667,1.9929999999999999,2.0863333333333336,1.1248333333333334,2.190833333333333,2.42,5.0415,2.8811666666666667,8.701833333333333,7.473833333333333,8.4075,4.055000000000001,0.5903333333333334,3.4091666666666667
3925,11.572000000000001,15.2645,8.012,8.224333333333332,8.309333333333333,8.487666666666666,7.411333333333333,6.424166666666666,6.5835,6.095166666666667,2.1491666666666664,2.6631666666666667,3.347166666666667,3.3841666666666668,3.237,2.584,3.7968333333333333,4.3665,4.633,4.339333333333333,8.697833333333334,9.677,8.266333333333334,7.956,6.492,7.917166666666666,8.011166666666666,7.9175,8.937833333333334,8.747666666666667,7.810666666666666,7.515333333333333,8.348333333333333,8.1925,8.337,8.28,8.324666666666667,8.1875,7.727333333333333,1.7713333333333334,0.574,1.4840000000000002,2.3329999999999997,4.539833333333333,4.043666666666667,3.4006666666666665,0.894,1.0558333333333334,2.8655,2.183666666666667,0.0,2.03,1.1145,2.2516666666666665,1.551,2.0073333333333334,1.5066666666666668,0.4266666666666667,0.656,5.389166666666667,0.998,9.566,8.338166666666668,9.271666666666667,4.402666666666667,2.5616666666666665,4.133666666666667
3927,12.300833333333333,15.151,7.283833333333333,7.496166666666666,7.581166666666666,8.075,7.616166666666667,6.6594999999999995,6.818833333333333,6.330333333333333,2.321833333333333,2.5140000000000002,3.198,3.235,1.8411666666666666,2.434833333333333,2.1595,2.7293333333333334,3.1248333333333336,2.702,8.8505,8.948833333333333,8.471,7.393166666666667,6.727333333333333,8.122,8.215833333333332,8.122166666666667,9.1425,8.952499999999999,7.991,6.993333333333334,8.501,8.054666666666666,8.134,7.551833333333334,7.596500000000001,7.459333333333333,7.815166666666667,2.03,2.5516666666666667,1.7794999999999999,2.5683333333333334,4.775166666666666,4.279,3.636,2.1165,2.440166666666667,1.2283333333333333,0.9331666666666667,2.0393333333333334,0.0,2.1566666666666667,2.547166666666667,1.9115,2.302833333333333,1.3413333333333335,1.8998333333333333,2.129,5.6245,2.5901666666666667,8.837833333333332,7.609833333333333,8.5435,4.638,1.1658333333333333,3.9844999999999997
3929,12.273166666666667,15.4955,7.004166666666666,7.2165,7.3015,7.479833333333334,6.403499999999999,5.416333333333333,5.575666666666667,5.087166666666667,1.1413333333333333,1.6553333333333333,2.3393333333333337,2.3763333333333336,2.6671666666666667,1.5761666666666665,3.425,3.994666666666667,4.390333333333333,3.9675000000000002,7.6899999999999995,8.669166666666666,7.258333333333334,6.948166666666666,5.484166666666667,6.9093333333333335,7.003166666666667,6.909666666666666,7.929833333333334,7.739833333333333,6.802666666666667,6.507499999999999,7.3405000000000005,7.184666666666667,7.329166666666667,7.272166666666666,7.316833333333333,7.179666666666666,6.7195,2.0023333333333335,1.5568333333333333,0.4761666666666667,1.3251666666666668,3.5319999999999996,3.0358333333333336,2.3928333333333334,0.4666666666666667,0.7903333333333333,2.4938333333333333,2.409,1.2281666666666666,2.261,0.0,1.2438333333333333,0.7075,0.9994999999999999,1.6611666666666667,1.0886666666666664,1.3178333333333332,4.381333333333333,1.779,8.558166666666667,7.330166666666667,8.263833333333332,3.394833333333333,1.9918333333333333,3.1256666666666666
3931,12.635666666666667,15.858166666666667,7.188999999999999,7.401333333333333,7.4863333333333335,7.664666666666666,6.588333333333334,5.601166666666667,5.7604999999999995,5.272166666666666,1.3261666666666665,1.8401666666666665,2.5241666666666664,2.5611666666666664,2.852,1.761,3.61,4.179666666666667,4.575166666666666,4.152333333333333,7.874833333333333,8.854000000000001,7.443333333333333,7.133,5.669,7.094166666666666,7.188166666666667,7.0945,8.114833333333333,7.924666666666667,6.987666666666667,6.692333333333334,7.525333333333333,7.3695,7.513999999999999,7.457,7.501833333333334,7.3645000000000005,6.904333333333333,2.364833333333333,1.9193333333333333,0.6609999999999999,1.51,3.716833333333333,3.220666666666667,2.5776666666666666,0.8293333333333333,1.153,2.6786666666666665,2.5938333333333334,1.5906666666666667,2.6235,0.7173333333333333,0.0,0.8923333333333333,1.1843333333333335,1.846,1.4511666666666665,1.6803333333333332,4.566166666666667,2.1415,8.743,7.515,8.448666666666666,3.5796666666666668,2.1766666666666667,3.3106666666666666
3933,11.951666666666666,15.174166666666668,7.298666666666667,7.511,7.596,7.774333333333333,6.6979999999999995,5.7108333333333325,5.870166666666666,5.381833333333334,1.4358333333333335,1.9498333333333333,2.6338333333333335,2.6708333333333334,2.8558333333333334,1.8706666666666665,3.6136666666666666,4.183333333333334,4.542666666666666,4.156166666666667,7.9845,8.963666666666667,7.552833333333334,7.2428333333333335,5.778833333333334,7.203833333333334,7.297666666666667,7.204166666666667,8.224333333333332,8.0345,7.097166666666666,6.8020000000000005,7.635000000000001,7.479333333333333,7.623666666666667,7.566666666666666,7.6113333333333335,7.474166666666666,7.013999999999999,1.6808333333333332,1.9968333333333335,0.7706666666666667,1.6196666666666668,3.8265000000000002,3.3303333333333334,2.6873333333333336,0.9066666666666666,1.2303333333333333,2.6824999999999997,1.8025,1.6681666666666668,1.9396666666666667,0.7946666666666666,1.5383333333333333,0.0,1.294,1.0546666666666666,1.5286666666666666,1.7578333333333334,4.675833333333333,2.219,8.852666666666666,7.624666666666667,8.558333333333334,3.6893333333333334,2.180333333333333,3.4203333333333332
3953,12.879999999999999,16.1025,7.433333333333334,7.645666666666667,7.730666666666666,7.909000000000001,6.832666666666666,5.8455,6.004833333333334,5.5165,1.5705,2.0845,2.7685000000000004,2.8055000000000003,3.0963333333333334,2.005333333333333,3.8543333333333334,4.424,4.819500000000001,4.3966666666666665,8.119166666666667,9.098333333333333,7.687666666666667,7.3774999999999995,5.9135,7.3385,7.4325,7.338833333333333,8.359166666666667,8.169166666666666,7.232,6.9366666666666665,7.769666666666667,7.614,7.758333333333334,7.701333333333333,7.746166666666666,7.608833333333333,7.148666666666667,2.609166666666667,2.1636666666666664,0.9053333333333333,1.7543333333333335,3.9611666666666663,3.4650000000000003,2.822,1.0736666666666668,1.3973333333333333,2.923,2.8381666666666665,1.8351666666666666,2.867833333333333,0.9616666666666667,0.24433333333333335,1.1366666666666667,0.0,2.090333333333333,1.6955,1.9248333333333332,4.8105,2.3858333333333333,8.987333333333334,7.7595,8.693000000000001,3.824,2.421,3.555
4148,12.803666666666667,16.02616666666667,6.966166666666667,7.1785,7.2635,7.441833333333333,6.3655,5.378333333333333,5.5376666666666665,5.049166666666666,1.1033333333333333,1.6173333333333335,2.3013333333333335,2.3383333333333334,2.629166666666667,1.5381666666666667,3.387,3.9566666666666666,4.352333333333333,3.9295,7.652,8.631166666666667,7.2203333333333335,6.910166666666667,5.446166666666667,6.871333333333333,6.965166666666667,6.871666666666667,7.8918333333333335,7.701833333333334,6.764666666666667,6.4695,7.302499999999999,7.1466666666666665,7.291166666666667,7.234166666666667,7.278833333333334,7.141666666666667,6.6815,2.5328333333333335,2.1075,0.438,1.287,3.4939999999999998,2.9978333333333333,2.354833333333333,1.0173333333333334,1.341,2.455833333333333,2.3825,1.7788333333333335,2.7915,0.9053333333333333,1.2058333333333333,0.953,0.9614999999999999,0.0,1.6391666666666667,1.8685,4.343333333333334,2.3295000000000003,8.520166666666666,7.292166666666666,8.225833333333334,3.3568333333333333,1.9536666666666667,3.0876666666666663
4155,11.9025,15.125,7.8725000000000005,8.084833333333332,8.169833333333333,8.348166666666666,7.271833333333333,6.284666666666666,6.444,5.9555,2.0096666666666665,2.5236666666666663,3.207666666666667,3.244666666666667,3.0974999999999997,2.4444999999999997,3.657166666666667,4.227,4.4935,4.199666666666666,8.558333333333334,9.5375,8.126666666666667,7.8165000000000004,6.3525,7.777666666666667,7.8715,7.7780000000000005,8.798166666666667,8.608166666666667,7.671,7.3758333333333335,8.208833333333333,8.053,8.1975,8.140333333333334,8.185166666666667,8.048,7.587833333333333,1.6316666666666668,0.9391666666666667,1.3445,2.1933333333333334,4.400333333333333,3.904166666666667,3.2611666666666665,0.9346666666666666,0.8196666666666667,2.726,2.044166666666667,0.4266666666666667,1.8905,0.975,2.1121666666666665,1.4115,1.8678333333333332,1.3671666666666666,0.0,0.22916666666666666,5.249666666666667,0.9774999999999999,9.4265,8.198500000000001,9.132166666666667,4.263166666666667,2.4219999999999997,3.9939999999999998
4230,12.131833333333333,15.354166666666666,8.101666666666667,8.314,8.399,8.577333333333334,7.501,6.513833333333333,6.673166666666666,6.184833333333333,2.2388333333333335,2.7528333333333332,3.4368333333333334,3.4738333333333333,3.3266666666666667,2.6736666666666666,3.8865,4.456166666666666,4.722666666666667,4.428833333333333,8.7875,9.766666666666667,8.356,8.045666666666667,6.581666666666666,8.006833333333335,8.100833333333334,8.007166666666667,9.0275,8.837333333333333,7.900333333333333,7.605,8.437999999999999,8.282166666666667,8.426666666666668,8.369666666666667,8.414333333333333,8.277166666666666,7.816999999999999,1.861,1.1683333333333332,1.5736666666666668,2.4226666666666667,4.629499999999999,4.133333333333334,3.490333333333333,0.8861666666666667,0.6523333333333333,2.9551666666666665,2.2733333333333334,0.656,2.119666666666667,1.2041666666666666,2.341333333333333,1.6406666666666667,2.097,1.5963333333333334,0.22916666666666666,0.0,5.478833333333333,1.2066666666666668,9.655666666666667,8.427833333333334,9.361333333333333,4.492333333333334,2.6513333333333335,4.223333333333334
4231,14.328166666666668,18.450666666666667,7.231,7.4435,7.528499999999999,7.706833333333334,6.6305,5.6433333333333335,5.802666666666667,5.314166666666667,3.1405000000000003,3.6545,4.3385,4.3755,4.666333333333333,3.5753333333333335,5.424166666666666,5.994,6.3895,5.966666666666667,7.917,8.896166666666666,7.485333333333333,7.175166666666667,5.711166666666667,7.136333333333334,7.230166666666666,7.136666666666667,8.156833333333333,7.966833333333333,7.0296666666666665,6.7345,7.5675,7.411666666666666,7.556,7.499,7.543833333333334,7.406499999999999,6.9465,5.199,4.836,4.441,2.2858333333333336,0.9946666666666667,1.7798333333333334,2.6198333333333332,4.763833333333333,4.925666666666667,4.492999999999999,4.419666666666667,4.590333333333334,5.068666666666667,4.908166666666667,5.208666666666667,4.8709999999999996,4.964333333333333,4.003,4.9555,5.184833333333333,0.0,5.526833333333333,8.785166666666667,7.557166666666666,8.490833333333333,1.4795,3.991,5.124833333333333
4233,12.508333333333333,15.815333333333333,8.562833333333334,8.775166666666667,8.860166666666666,9.038499999999999,7.962166666666667,6.975,7.134333333333333,6.645833333333333,2.7,3.214,3.898,3.935,3.7878333333333334,3.1348333333333334,4.347666666666667,4.917333333333334,5.183833333333333,4.89,9.248666666666667,10.227833333333333,8.817,8.506833333333335,7.042833333333333,8.468,8.561833333333334,8.468333333333334,9.488499999999998,9.298499999999999,8.361333333333333,8.066166666666668,8.899166666666668,8.743333333333334,8.887833333333333,8.830666666666668,8.875499999999999,8.738333333333333,8.278166666666667,2.322,1.5103333333333333,2.034666666666667,2.883666666666667,5.0906666666666665,4.5945,3.9515000000000002,1.555,1.7166666666666666,3.416333333333333,2.7344999999999997,0.998,2.580833333333333,1.6653333333333333,2.8025,2.1018333333333334,2.5581666666666667,2.0575,0.9774999999999999,1.2066666666666668,5.9399999999999995,0.0,10.116833333333334,8.888833333333334,9.8225,4.9535,3.1123333333333334,4.684333333333333
6379,17.022000000000002,15.1285,1.6765,1.7065,2.0046666666666666,2.4985,3.2703333333333333,3.8986666666666663,4.864999999999999,5.103166666666667,7.6226666666666665,7.648166666666667,7.372166666666667,6.8355,8.431666666666667,7.569,7.367500000000001,7.936000000000001,7.808333333333334,8.283666666666667,5.0085,0.619,3.5698333333333334,3.5513333333333335,4.5225,3.7761666666666667,3.3146666666666667,2.7550000000000003,4.241333333333333,4.051333333333334,2.9481666666666664,3.1515,4.659166666666667,2.4781666666666666,2.8103333333333333,1.3713333333333333,2.02,2.416333333333333,3.9733333333333336,9.231,9.743,8.473,6.768,8.259666666666666,7.017333333333334,6.252833333333333,9.052166666666666,9.375833333333333,8.258333333333333,8.185,9.240333333333332,8.834,8.940166666666666,9.240666666666668,8.902833333333332,8.996333333333332,8.034833333333333,9.100666666666665,9.33,8.685333333333334,9.791166666666667,0.0,1.3505,1.0361666666666667,7.376333333333333,7.756166666666667,7.585
6455,15.794,13.9005,0.32616666666666666,0.8206666666666667,0.9056666666666667,1.3995,2.1715,2.670666666666667,3.6371666666666664,3.8751666666666664,6.582833333333334,6.420166666666666,6.144333333333334,5.6075,7.203666666666667,6.341166666666667,6.1395,6.708,6.580333333333333,7.055833333333334,3.780666666666667,1.3388333333333333,2.470833333333333,2.3233333333333333,3.2946666666666666,2.677333333333333,2.2156666666666665,1.6561666666666668,3.142333333333333,2.9523333333333333,1.7201666666666666,1.9235,3.431166666666667,1.3791666666666667,1.7113333333333334,0.8763333333333333,0.9209999999999999,1.1883333333333332,2.7453333333333334,8.003,8.524666666666667,7.245,5.728166666666667,7.219666666666667,5.9775,5.212833333333333,7.824166666666667,8.147833333333333,7.030333333333333,6.957,8.012333333333334,7.606,7.712166666666667,8.012666666666666,7.675,7.7683333333333335,6.8068333333333335,7.872833333333333,8.102,7.6455,8.563166666666666,1.3505,0.0,0.9336666666666668,6.3365,6.528333333333333,6.357
6481,16.727666666666668,14.834166666666667,1.2596666666666667,1.7541666666666667,1.8393333333333333,2.3331666666666666,3.105,3.6043333333333334,4.570666666666667,4.808833333333333,7.516333333333334,7.353833333333333,7.077833333333333,6.541166666666667,8.137166666666667,7.274666666666667,7.073166666666666,7.641666666666667,7.513833333333333,7.989333333333334,4.714166666666667,0.41766666666666663,3.4045,3.2569999999999997,4.228166666666667,3.6108333333333333,3.1493333333333333,2.589833333333333,4.076,3.886,2.653833333333333,2.8569999999999998,4.364833333333333,2.3128333333333333,2.645,1.8098333333333334,1.8546666666666667,2.122,3.6790000000000003,8.936666666666667,9.458333333333334,8.1785,6.661666666666666,8.153333333333332,6.9110000000000005,6.1465000000000005,8.757833333333334,9.0815,7.963833333333333,7.8905,8.946,8.539666666666667,8.645833333333334,8.946333333333333,8.6085,8.702,7.7405,8.806333333333333,9.035666666666666,8.579,9.496666666666666,1.0361666666666667,0.9336666666666668,0.0,7.27,7.461833333333333,7.290666666666667
6494,13.007,18.472166666666666,8.091,8.303333333333333,8.388333333333334,8.566666666666666,7.490333333333334,6.503166666666667,6.6625,6.174,4.000333333333334,4.514333333333334,5.198333333333333,5.235333333333333,5.526166666666667,4.4351666666666665,6.284166666666667,6.853833333333333,7.249333333333333,6.826499999999999,8.776833333333334,9.756,8.345166666666666,8.035,6.571,7.996166666666666,8.09,7.9965,9.016666666666667,8.826666666666666,7.8895,7.594333333333334,8.427333333333333,8.2715,8.416,8.359,8.403666666666668,8.2665,7.806333333333333,4.978833333333333,3.5148333333333333,4.165,3.1456666666666666,1.0415,0.45866666666666667,3.4796666666666667,3.4425000000000003,3.6043333333333334,5.352833333333334,5.2795,3.2691666666666666,5.2375,3.7954999999999997,4.932666666666666,4.396333333333333,4.6883333333333335,4.714333333333333,3.634333333333333,3.8635,1.4671666666666667,4.2055,9.645000000000001,8.417,9.350666666666665,0.0,4.850833333333333,5.984833333333333
6508,12.439666666666666,15.215499999999999,6.661833333333333,6.8741666666666665,6.9591666666666665,7.453,6.911333333333333,5.924166666666666,6.0835,5.595166666666667,1.5866666666666667,1.5188333333333333,2.202833333333333,2.239833333333333,0.8461666666666667,1.4396666666666667,1.5375,2.1071666666666666,2.5028333333333332,2.08,8.197833333333334,8.326833333333333,7.766333333333334,6.771166666666667,5.992166666666666,7.417333333333334,7.511166666666667,7.4175,8.437833333333334,8.247833333333334,7.310666666666666,6.371333333333333,7.8485000000000005,7.432666666666666,7.511833333333333,6.929833333333334,6.974500000000001,6.8373333333333335,7.1931666666666665,2.168833333333333,2.6905,1.4106666666666667,1.833,4.039833333333333,3.543833333333333,2.9006666666666665,1.99,2.3136666666666668,0.6063333333333334,0.6736666666666667,2.178166666666667,1.182,1.8780000000000001,2.1785,1.8406666666666667,1.9340000000000002,0.9726666666666667,2.0385,2.2678333333333334,4.889333333333334,2.728833333333333,8.215833333333332,6.987833333333333,7.9215,3.902833333333333,0.0,2.9893333333333336
6563,13.3195,15.3015,5.877666666666667,6.09,6.175,6.668833333333334,6.21,6.3345,6.9635,6.475,2.4665000000000004,1.4658333333333333,1.1900000000000002,1.2261666666666666,2.2493333333333334,1.3868333333333331,2.7471666666666668,3.577,3.7425,3.5496666666666665,7.444333333333334,7.542666666666666,7.0648333333333335,5.987,6.872,6.715833333333333,6.809666666666667,6.715999999999999,7.7363333333333335,7.546333333333333,6.585,5.587166666666667,7.094833333333333,6.648666666666667,6.727833333333334,6.145666666666667,6.190333333333333,6.053166666666667,6.409000000000001,3.0486666666666666,3.570333333333333,2.2906666666666666,2.713,4.919833333333333,4.423666666666667,3.780666666666667,2.8698333333333332,3.1935000000000002,2.076,2.002666666666667,3.058,2.6516666666666664,2.757833333333333,3.058333333333333,2.720666666666667,2.814,1.8525,2.9185000000000003,3.147666666666667,5.769166666666666,3.6088333333333336,7.431666666666667,6.203666666666667,7.137333333333333,4.782666666666667,1.574,0.0
