,0,1,3071,3072,3581,3585,3587,3588,3589,3590,3591,3592,3594,3595,3596,3597,3598,3599,3600,3601,3602,3603,3605,3606,3607,3608,3609,3610,3611,3612,3613,3614,3616,3617,3618,3619,3620,3655,3656,3657,3658,3659,3666,3667,3668,3676,3705,3706,3707,3712,3713,3714,3718,3719,3723,3725,3726,3739,3741,3742,3745,3747,3749,3750,6365,6451,6520,6529,6530,6567
0,0.0,7093.24,5952.28,6131.96,9498.67,9154.68,9183.19,7798.33,7934.97,7430.64,9291.75,9055.27,8975.94,9898.33,9815.58,10043.05,10221.17,9954.34,9656.04,9356.09,9167.42,9067.11,9327.53,9267.92,8530.33,9344.0,9431.25,9510.03,9722.38,9268.17,9527.08,9914.6,8516.87,8470.27,8199.56,6745.73,6847.54,10152.66,10215.84,10219.56,10033.6,9267.36,6127.08,6218.26,6331.72,9032.18,9182.59,9884.35,9118.65,6260.29,9178.68,9993.9,9590.5,7853.79,8043.71,9894.08,8649.34,8632.47,9548.0,8439.04,9947.35,9189.11,8633.46,10301.03,9030.62,9845.06,9353.77,9900.44,9843.99,9133.6
1,7284.57,0.0,12063.97,12243.65,13231.64,18732.57,18761.08,13910.02,14046.66,12759.79,13085.5,18633.16,18553.84,19476.22,19393.47,19620.94,19799.06,19532.23,19233.94,18933.98,18745.31,18645.0,18905.42,18845.81,18108.22,18921.89,19009.14,19087.92,19300.27,18846.06,19104.97,19492.49,18094.76,18048.16,17777.45,12857.42,12959.23,19730.54,19793.73,19797.45,19611.49,18845.25,12238.77,12329.94,12443.41,18610.07,18760.48,19462.24,18696.54,12371.98,18756.57,19571.79,13409.26,17431.68,17621.6,19471.97,18227.23,18210.36,19125.89,18016.93,19525.24,18767.0,18211.35,19878.92,18608.51,19422.95,18931.66,19478.33,19421.88,18711.49
3071,6091.65,15971.48,0.0,179.68,3246.4,3212.92,3096.94,2907.73,3044.37,2774.55,3349.98,3113.51,3034.18,3956.56,3873.81,4129.26,4215.99,4081.71,3714.28,3655.56,3562.45,3153.32,3413.74,2787.75,2588.56,3402.23,3489.48,3568.26,3780.61,3326.4,3585.31,3972.83,2575.1,2528.5,2257.79,1855.13,1956.94,4238.86,4302.05,4305.76,4119.81,3353.57,1236.48,1327.65,1441.12,3090.41,3240.82,3942.59,3176.88,1369.68,3236.92,4080.11,3648.73,1912.02,2101.94,3980.29,2707.57,2690.7,3634.21,2497.27,4005.59,3247.34,2691.69,4387.23,3088.85,3931.27,3439.97,3958.67,3902.22,3191.83
3072,6271.33,16151.16,179.68,0.0,3426.08,3392.59,3276.62,3087.4,3224.04,2954.23,3529.66,3293.18,3213.86,4136.24,4053.49,4308.93,4395.67,4261.39,3893.96,3835.24,3742.13,3333.0,3593.42,2967.43,2768.24,3581.91,3669.16,3747.94,3960.29,3506.08,3764.99,4152.51,2754.78,2708.18,2437.47,2034.81,2136.62,4418.54,4481.73,4485.44,4299.48,3533.25,1416.16,1507.33,1620.8,3270.09,3420.5,4122.27,3356.56,1549.36,3416.6,4259.79,3828.41,2091.7,2281.62,4159.97,2887.25,2870.38,3813.89,2676.95,4185.26,3427.02,2871.37,4566.91,3268.53,4110.95,3619.65,4138.35,4081.9,3371.51
3581,8741.75,13250.55,3352.07,3531.75,0.0,818.14,751.51,701.84,804.22,709.83,593.83,718.73,816.72,1759.02,1699.17,1987.35,2041.35,1864.26,1496.82,1438.1,1345.0,1495.34,1880.51,2061.33,1436.93,1184.77,1272.02,1350.8,1563.16,1108.94,1367.86,1755.38,1324.25,1178.01,1582.74,1900.32,1760.78,1982.3,2499.76,2955.82,2317.51,1961.97,2458.82,2442.7,2556.17,600.5,1023.36,1725.13,475.09,2340.88,747.01,2277.81,262.95,1699.84,1487.83,2795.37,1644.47,1340.21,2100.98,1883.16,1830.95,345.55,1414.61,2130.67,598.94,2128.97,2012.99,1523.74,1580.19,974.38
3585,8605.49,18485.33,3215.81,3395.49,930.74,0.0,615.25,565.59,667.97,1239.46,723.82,278.14,654.78,1577.16,1494.41,1924.99,1836.59,1702.31,1334.88,1276.16,1183.05,1333.39,1718.56,1899.38,1274.99,1022.83,1110.08,1188.86,1401.21,947.0,1205.91,1593.43,1162.31,1041.75,1446.49,1764.07,1624.53,2534.85,2337.82,2341.53,2155.57,1800.03,2322.57,2306.45,2419.91,464.25,861.42,1563.19,277.22,2204.63,610.75,2115.87,661.7,1563.58,1351.57,3347.92,1482.53,1203.96,1939.04,1746.9,1626.18,432.79,1252.67,2683.22,462.69,1967.03,1851.05,1579.27,1522.82,812.43
3587,8528.64,18408.47,2693.87,2873.55,949.01,605.03,0.0,233.74,476.48,853.81,742.1,505.62,1047.15,1969.53,1886.78,2317.36,2228.96,2094.69,1727.25,1668.53,1575.43,1725.77,2110.94,1960.53,1667.36,1415.2,1502.45,1581.23,1793.59,1339.37,1598.29,1985.81,1554.68,964.9,1369.64,1378.43,1238.88,2762.34,2730.19,2733.9,2547.94,2192.4,2009.57,1920.8,2034.27,151.63,1253.79,1955.56,1019.39,2127.77,133.98,2508.24,690.22,1486.73,1274.72,3575.41,1880.35,1127.1,2331.41,1670.05,2018.56,889.85,1645.04,2910.71,480.97,2359.4,2243.42,1971.65,1915.19,1204.81
3588,8478.98,13379.22,2482.97,2662.65,812.44,555.37,233.74,0.0,265.58,642.91,605.52,455.96,997.49,2467.29,1837.12,2695.62,2179.3,2045.02,1677.59,1618.87,1525.76,1676.1,2061.27,1910.87,1617.7,1365.54,1452.79,1531.57,1743.92,1289.71,1548.62,1936.14,1505.02,915.24,1319.97,1167.52,1027.98,2690.57,2680.53,2684.24,2498.28,2142.74,1798.67,1709.9,1823.36,245.6,1204.13,1905.9,969.73,2078.11,363.39,2458.58,553.64,1437.06,1225.06,3503.64,1830.69,1077.44,2281.75,1620.39,1968.89,840.18,1595.38,2838.94,344.39,2309.74,2193.76,2232.01,2288.46,1155.14
3589,8607.87,13512.89,2616.64,2796.32,527.6,684.26,468.24,279.03,0.0,776.58,320.68,584.85,1126.38,2286.61,1966.01,2514.95,2308.19,2173.91,1806.48,1747.76,1654.65,1804.99,2190.16,2039.76,1746.59,1494.43,1581.68,1660.46,1872.81,1418.6,1677.51,2065.03,1633.91,1044.13,1448.86,1301.19,1161.65,2509.9,2809.42,2813.13,2627.17,2271.63,1932.34,1843.56,1957.03,466.62,1333.02,2034.79,1098.62,2207.0,613.12,2587.47,535.66,1565.95,1353.95,3322.97,1959.58,1206.33,2410.64,1749.28,2097.78,969.07,1724.27,2658.27,326.41,2438.63,2322.65,2051.34,2107.79,1284.03
3590,8004.24,12748.77,2908.08,3087.76,617.48,1213.52,847.79,658.58,795.22,0.0,471.34,1114.11,1444.42,1836.83,1776.99,2065.17,2119.17,2320.63,2124.52,2065.81,1972.7,2123.04,2508.21,2580.53,2064.63,1812.48,1899.73,1978.51,2190.86,1736.65,1921.24,2211.75,1951.95,1584.9,1989.63,1584.81,1445.27,2060.12,2954.16,3033.63,2771.91,2589.68,2215.96,2127.18,2240.65,904.18,1651.07,2181.5,1102.79,2569.11,977.44,2732.21,795.1,2106.73,1894.72,2873.19,2500.35,1747.1,2583.44,2290.05,1908.76,973.25,2042.31,2208.49,714.9,2583.37,2640.69,1601.56,1658.01,1602.08
3591,8680.81,18560.64,3291.13,3470.81,260.99,757.2,690.57,580.06,284.21,476.68,0.0,657.79,1077.7,2020.0,1960.16,2248.34,2302.34,2125.24,1757.81,1699.09,1605.98,1756.32,2141.49,2112.7,1697.91,1445.76,1533.01,1611.79,1824.14,1369.93,1628.84,2016.36,1585.24,1117.07,1521.81,1602.21,1462.67,2243.29,2760.74,3216.8,2578.5,2222.96,2397.88,2144.59,2258.06,539.56,1284.35,1986.11,736.08,2279.94,686.07,2538.8,338.78,1638.9,1426.89,3056.36,2032.52,1279.27,2361.97,1822.22,2091.93,606.53,1675.6,2391.66,258.58,2389.96,2273.98,1784.73,1841.18,1235.36
3592,8939.57,18819.4,3549.89,3729.57,1014.38,788.58,872.12,822.45,924.83,984.24,980.68,0.0,855.4,1777.78,1695.03,2261.77,2037.21,1902.94,1535.5,1476.78,1383.67,1534.02,1919.19,2100.0,1475.61,1223.45,1310.7,1389.48,1601.83,1147.62,1406.54,1794.05,1362.93,1375.83,1780.57,2035.33,1895.79,2256.72,2538.44,2542.15,2356.19,2000.65,2656.64,2831.03,2944.5,721.11,1062.04,1763.81,513.77,2538.7,867.61,2316.49,383.56,1897.66,1685.65,3069.79,1683.15,1538.03,2139.66,1746.47,1826.81,384.23,1453.29,2405.09,719.55,2167.65,2051.67,1798.16,1854.61,1013.06
3594,8932.61,18812.44,3542.93,3722.61,1942.02,1083.31,1799.75,1750.09,1852.47,1903.14,1908.32,1221.77,0.0,945.13,862.38,1292.96,1204.56,973.27,1016.05,1349.64,1376.71,1527.05,1596.22,2093.04,1468.64,1164.6,1094.47,1014.99,1082.39,314.97,573.88,864.39,1355.97,1368.87,1773.6,2028.37,1888.83,1402.56,1608.78,1612.49,1426.53,2071.88,2649.68,2824.07,2937.54,1648.75,1055.08,834.15,839.35,2531.74,1795.25,1386.83,1311.2,1890.7,1678.69,2215.63,1676.19,1531.07,1238.06,1739.5,994.15,909.81,1446.33,1550.93,1647.19,1237.99,2122.89,947.24,890.79,1006.09
3595,9102.22,18982.06,3712.54,3892.22,1780.55,1252.92,1969.37,1919.71,2022.08,1578.24,1634.41,1391.39,1018.05,0.0,382.61,813.18,724.78,750.08,792.86,1126.45,1334.14,1484.48,1529.11,2050.47,1426.07,941.41,871.27,791.8,859.19,648.66,350.69,641.2,1702.8,1538.48,1943.22,2197.99,2058.45,922.79,1541.67,1545.38,1359.42,2004.77,2819.3,2993.69,3107.16,1818.36,1224.7,610.95,1008.97,2701.36,1964.87,1319.72,1480.82,2060.31,1848.3,1735.86,2023.02,1700.69,1170.95,1842.8,514.38,1079.42,1403.75,1071.16,1816.8,1170.88,2055.78,467.47,411.02,1175.71
3596,9376.93,19256.76,3987.25,4166.93,2055.26,1527.63,2244.08,2194.42,2296.79,1852.94,1909.12,1666.09,1497.69,274.76,0.0,430.63,342.23,809.72,818.62,1152.22,1487.35,1387.04,1146.56,1953.03,1451.84,967.17,897.04,817.57,884.96,829.05,509.35,273.59,1728.57,1813.19,2217.93,2472.69,2333.15,540.24,1159.12,1162.83,976.87,1622.22,3094.0,3268.4,3381.86,2093.07,1704.33,257.24,1283.68,2976.06,2239.58,937.17,1755.52,2335.02,2123.01,1353.31,2048.79,1975.39,788.4,1868.57,131.83,1354.13,1429.52,688.61,2091.51,788.33,1673.23,276.87,220.42,1655.34
3597,9515.26,19395.1,4125.59,4305.27,2403.39,1875.76,2592.21,2542.55,2644.92,2201.07,2257.25,2014.22,1743.47,622.89,639.45,0.0,310.13,539.59,767.42,1157.84,1217.22,1116.91,876.43,1682.9,1429.96,1212.95,1142.82,1063.35,1130.74,1144.1,824.39,641.75,1906.98,2161.32,2200.28,2820.82,2681.28,109.61,888.99,1083.12,706.74,1352.09,3232.34,3406.73,3520.2,2441.2,1950.11,638.97,1631.81,3114.4,2587.71,667.04,2103.65,2317.38,1908.87,922.68,2227.2,2323.52,518.27,1846.7,499.99,1702.26,1407.64,257.98,2439.64,518.2,1403.1,625.0,568.55,1901.12
3598,9682.82,19562.65,4293.14,4472.82,2351.87,1824.24,2540.69,2491.02,2593.4,2149.55,2205.73,1962.7,1794.3,571.37,587.93,328.06,0.0,707.15,934.97,1325.39,1384.78,1284.47,1043.99,1850.45,1597.52,1263.78,1193.65,1114.18,1181.57,1125.66,805.96,590.23,2074.54,2109.8,2514.54,2769.3,2629.76,437.66,1056.54,1060.25,874.29,1519.64,3399.89,3574.28,3687.75,2389.68,2000.94,806.53,1580.29,3281.95,2536.19,834.6,2052.13,2631.63,2076.42,1250.73,2394.76,2272.0,685.82,2014.25,448.47,1650.74,1575.2,586.03,2388.12,685.76,1570.66,573.48,517.03,1951.95
3599,9390.72,19270.55,4001.04,4180.72,2425.94,1567.23,2283.68,2234.01,2336.39,2276.42,2392.24,1705.69,1332.81,698.23,615.48,591.64,402.9,0.0,227.82,1033.29,1092.68,992.37,751.89,1558.35,1305.42,802.3,732.17,652.7,522.46,733.44,413.73,403.2,1563.7,1852.79,2257.53,2512.29,2372.75,701.25,764.44,768.15,582.19,1227.54,3107.79,3282.18,3395.65,2132.67,1539.46,228.32,1323.27,2989.85,2279.17,542.5,1795.12,2374.62,1784.32,928.18,1883.92,2014.99,393.72,1722.15,747.26,1393.73,1283.1,849.62,2131.11,393.66,1278.56,700.35,643.89,1490.47
3600,8932.99,18812.82,3543.31,3722.99,2171.58,1312.86,2029.31,1979.65,2082.02,2141.44,2137.87,1451.32,926.2,781.97,699.22,819.47,1041.4,227.82,0.0,409.87,788.42,938.76,461.45,1504.75,880.35,395.68,325.55,246.08,294.71,759.75,497.47,486.93,1157.08,1598.42,1773.99,2257.92,2118.38,929.08,992.27,995.98,810.02,1006.14,2650.06,2824.46,2937.93,1878.3,1132.84,456.69,1068.91,2532.13,2024.81,770.32,1540.75,1891.08,1482.57,1156.01,1477.3,1760.62,621.55,1297.08,831.0,1139.36,858.03,1077.45,1876.74,621.48,1057.15,784.09,727.63,1083.86
3601,8235.17,18115.0,2845.49,3025.17,2146.12,1287.41,2003.85,1954.19,2056.56,2115.98,2112.42,1425.87,900.74,1120.05,1037.3,1167.86,1379.47,933.89,409.87,0.0,188.67,339.02,261.3,905.0,305.85,185.05,341.66,420.44,632.79,714.67,835.55,825.01,782.87,1572.96,1076.17,2232.47,2092.93,1277.46,1340.65,1344.36,1158.41,731.02,1952.24,2126.64,2240.11,1852.85,1107.39,794.76,1043.45,1834.31,1999.35,1118.71,1515.3,1193.26,784.75,1504.4,1103.09,1735.17,672.81,722.58,1169.07,1113.9,283.53,1425.83,1851.29,969.87,782.04,1122.16,1065.71,1058.4
3602,8548.7,18428.53,3159.02,3338.7,2053.01,1194.3,1910.75,1861.08,1963.46,2022.87,2019.31,1332.76,807.64,1333.09,1250.34,1251.03,1429.15,1146.94,779.5,188.67,0.0,150.34,535.51,716.33,212.74,467.45,554.7,633.48,845.84,1099.86,1048.59,1038.06,689.76,1479.86,983.06,2139.36,1999.82,1360.64,1423.83,1427.54,1241.58,616.98,2265.77,2440.16,2553.63,1759.74,1014.28,1007.81,950.34,2147.83,1906.24,1201.88,1422.19,1100.15,691.65,1587.57,1009.98,1642.06,755.99,629.47,1382.12,1020.8,190.42,1509.01,1758.18,1053.04,667.99,1335.21,1278.75,965.29
3603,8398.61,18278.45,3008.94,3188.62,2714.82,1856.11,2572.56,2522.89,2625.27,2684.68,2681.12,1994.57,1469.44,2028.32,1912.15,1537.44,1715.56,1448.73,1441.31,850.48,661.81,0.0,821.92,566.25,602.57,1129.26,1216.51,1295.29,1507.65,1761.67,1710.4,1699.86,1118.47,2722.86,2452.15,2817.56,2919.37,1647.04,1710.23,1713.95,1527.99,761.75,2115.69,2290.08,2403.55,2421.55,1676.09,1548.11,1612.15,1997.75,2568.05,1488.29,2084.0,2106.38,974.85,1388.47,1438.69,2885.06,1042.39,654.19,1905.42,1682.61,705.7,1795.41,2419.99,1339.45,848.15,2030.43,1973.98,1627.1
3605,8809.77,18689.6,3420.09,3599.77,2564.74,1706.02,2422.47,2372.81,2475.18,2534.6,2531.03,1844.49,1319.36,1377.33,1284.29,886.45,1064.57,797.74,461.45,261.3,511.72,411.41,0.0,977.4,724.46,430.68,1066.43,1145.21,1357.56,1611.58,1082.54,1072.0,1201.48,1991.58,1494.79,2651.09,2511.54,996.06,1059.25,1062.96,877.0,646.59,2526.84,2701.23,2814.7,2271.46,1526.01,897.12,1462.07,2408.9,2417.97,837.3,1933.92,1611.88,1203.37,1222.99,1521.7,2153.78,391.41,1141.2,1254.43,1532.52,702.14,1144.43,2269.9,688.46,697.6,1379.44,1322.99,1477.02
3606,7912.83,17792.66,2523.15,2702.83,2351.88,1493.16,2209.61,1909.57,2262.32,2311.19,2318.18,1609.54,1106.5,1631.96,1549.21,1670.7,1891.38,1445.8,1078.36,512.78,419.67,570.01,955.18,0.0,216.45,766.32,853.57,932.35,1144.7,1398.72,1347.46,1336.92,606.04,1024.53,753.82,1094.43,1326.76,1780.31,1843.5,1847.21,1661.25,1036.65,1629.9,1804.29,1917.76,2058.6,1313.15,1306.67,1249.21,1511.96,2205.11,1621.56,1721.06,870.92,462.41,2007.24,926.26,1186.74,1175.66,400.24,1680.98,1319.66,319.58,1928.68,2057.04,1472.71,1087.67,1634.07,1577.62,1264.16
3607,7938.84,17818.68,2549.16,2728.84,2144.95,1286.23,2002.68,1953.02,2055.39,2114.8,2111.24,1424.69,899.57,1425.03,1342.27,1463.77,1684.45,1238.87,871.43,305.85,212.74,363.08,748.25,716.73,0.0,559.39,646.64,725.42,937.77,1191.79,1140.53,1129.99,632.05,1050.55,779.84,1120.44,2091.75,1573.38,1636.57,1640.28,1454.32,829.72,1655.92,1830.31,1943.78,1851.67,1106.21,1099.74,1042.28,1537.98,1998.18,1414.62,1514.12,896.93,488.42,1800.31,952.27,1212.75,968.72,426.25,1474.05,1112.73,112.65,1721.75,1850.11,1265.78,880.73,1427.14,1370.69,1057.23
3608,8702.87,18582.7,3313.19,3492.87,1941.45,1082.73,1799.18,1749.52,1851.89,1911.31,1907.75,1221.2,696.07,935.0,852.25,1282.83,1194.43,748.84,381.41,185.05,558.29,708.63,430.68,1274.62,650.22,0.0,156.61,235.39,447.74,529.63,650.5,639.96,926.96,1368.29,1543.86,2027.8,1888.26,1392.43,1384.35,1388.06,1202.1,1175.27,2419.94,2594.33,2707.8,1648.17,902.72,609.72,838.78,2302.0,1794.68,1162.4,1310.63,1660.96,1252.45,2205.5,1247.18,1530.5,1013.63,1066.96,984.02,909.23,627.9,1540.8,1646.62,1013.56,1226.28,937.11,880.66,853.73
3609,8786.82,18666.66,3397.15,3576.82,2025.41,1166.69,1883.14,1833.48,1935.85,1995.27,1991.7,1305.16,780.03,778.39,695.64,1126.21,1037.82,592.23,224.79,434.56,642.25,792.59,1215.18,1358.58,734.18,249.52,0.0,78.78,291.13,613.58,493.89,483.35,1010.91,1452.25,1627.82,2111.75,1972.21,1235.82,1227.73,1231.45,1045.49,1259.23,2503.9,2678.29,2791.76,1732.13,986.68,453.1,922.74,2385.96,1878.64,1005.79,1394.59,1744.91,1336.41,2048.89,1331.13,1614.45,857.01,1150.92,827.41,993.19,711.86,1384.19,1730.57,856.95,1310.24,780.5,724.05,937.69
3610,8850.63,18730.46,3460.95,3640.63,2089.21,1230.5,1946.95,1897.28,1999.66,2059.07,2055.51,1368.96,843.84,699.61,616.86,1047.44,959.04,513.45,146.02,498.37,706.05,856.4,1136.4,1422.38,797.99,313.32,243.19,0.0,212.35,677.39,415.11,404.57,1074.72,1516.06,1691.63,2175.56,2036.02,1157.04,1148.96,1152.67,966.71,1323.03,2567.7,2742.09,2855.56,1795.94,1050.48,374.33,986.54,2449.76,1942.44,927.01,1458.39,1808.72,1400.21,1970.11,1394.94,1678.26,778.24,1214.72,748.63,1057.0,775.67,1305.41,1794.38,778.17,1374.05,701.72,645.27,1001.49
3611,9205.55,19085.38,3815.87,3995.55,2214.97,1356.25,2072.7,2023.04,2125.41,2065.44,2181.26,1494.72,1121.84,487.26,404.51,835.08,746.68,301.1,442.78,776.37,984.06,1134.4,924.05,1700.39,1075.99,591.32,521.19,441.72,0.0,522.47,202.76,192.22,1352.72,1641.81,2046.55,2301.32,2161.78,944.69,936.6,940.32,754.36,1399.7,2922.63,3097.02,3210.49,1921.69,1328.48,161.97,1112.3,2804.69,2068.2,714.66,1584.15,2163.64,1678.21,1757.76,1672.94,1804.02,565.88,1492.72,536.28,1182.75,1053.67,1093.06,1920.13,565.82,1450.72,489.37,432.92,1279.5
3612,9041.81,18921.64,3652.13,3831.81,2051.22,1192.51,1908.96,1859.29,1961.67,2012.34,2017.52,1330.97,957.64,815.76,733.01,1163.58,1075.18,629.6,500.09,833.68,1041.37,1191.71,1252.55,1757.7,1133.3,648.63,578.5,499.03,566.42,0.0,300.62,520.72,1410.03,1478.07,1882.8,2137.57,1998.03,1273.19,1265.1,1268.81,1082.86,1728.2,2758.88,2933.27,3046.74,1757.95,1164.28,490.47,948.55,2640.94,1904.45,1043.16,1420.4,1999.9,1787.89,2086.26,1730.25,1640.27,894.38,1550.03,864.78,1019.01,1110.98,1421.56,1756.39,894.32,1779.22,817.87,761.42,1115.29
3613,9018.5,18898.33,3628.82,3808.5,2027.91,1169.2,1885.64,1835.98,1938.36,1989.03,1994.21,1307.66,1136.93,601.25,518.5,949.07,860.68,415.09,457.87,791.46,999.15,1149.49,1038.04,1715.48,1091.08,606.42,536.28,456.81,524.2,335.41,0.0,306.21,1367.81,1454.76,1859.49,2114.26,1974.72,1058.68,1050.59,1054.31,868.35,1513.69,2735.57,2909.96,3023.43,1734.64,1343.58,275.96,925.24,2617.63,1881.14,828.65,1397.09,1976.59,1764.58,1871.75,1688.03,1616.96,679.87,1507.81,650.27,995.7,1068.76,1207.05,1733.08,679.81,1564.71,603.36,546.91,1294.59
3614,9481.56,19361.39,4091.88,4271.56,2159.89,1632.26,2348.71,2299.05,2401.42,1957.57,2013.75,1770.72,1602.32,379.39,296.64,727.21,638.82,392.58,620.41,1256.85,1356.32,1256.01,1015.53,1822.0,1556.47,1071.8,1001.67,922.2,989.59,933.68,613.98,0.0,1833.2,1917.82,2322.56,2577.32,2437.78,836.82,1028.09,1031.8,845.84,1491.19,3198.63,3373.02,3486.49,2197.7,1808.96,164.26,1388.31,3080.69,2344.21,806.14,1860.15,2439.65,2227.64,1649.89,2153.42,2080.02,657.37,1973.2,428.41,1458.76,1534.15,985.19,2196.14,657.3,1542.2,381.5,325.05,1759.97
3616,7925.39,17805.22,2535.71,2715.39,1417.46,1073.48,1101.98,1274.1,1154.69,1675.72,1210.55,974.07,786.89,1701.76,1619.01,1940.79,1961.18,1515.6,1148.16,782.87,689.76,840.1,1225.27,831.24,632.05,836.12,923.37,1002.15,1214.5,1079.11,1338.03,1406.72,0.0,672.43,766.38,1106.99,1439.09,2050.4,2113.59,2117.3,1931.34,1306.74,1642.46,1816.85,1930.32,950.97,993.54,1376.47,929.6,1524.52,1097.48,1891.64,1401.45,883.48,482.72,2277.33,390.6,834.63,1445.74,540.76,1750.78,1000.05,759.37,2198.77,949.41,1742.8,1357.75,1703.87,1647.42,944.55
3617,8112.99,17992.82,2723.31,2902.99,1366.91,1022.92,1265.78,1076.57,1213.21,1478.19,1159.99,923.51,844.18,1766.57,1683.82,2114.39,2025.99,1891.72,1524.28,1465.57,1372.46,1522.8,1907.97,1544.88,1345.69,1212.24,1299.49,1378.27,1590.62,1136.4,1395.32,1782.84,1332.23,0.0,289.39,797.4,1241.56,2224.0,2527.22,2530.93,2344.98,1989.44,776.42,2004.45,2117.92,900.42,1050.83,1752.59,986.89,824.01,1046.92,2305.28,1458.74,1071.07,859.07,3037.07,1464.7,162.2,2128.44,1254.4,1815.59,1057.34,1442.07,2372.37,898.86,2156.44,2040.45,1768.68,1712.23,1001.84
3618,7558.39,17438.22,2168.71,2348.39,1783.83,1439.84,1468.35,1640.46,1521.06,2042.09,1576.91,1340.43,1261.1,2183.49,2100.74,2531.31,2442.92,2308.64,1941.2,1882.49,1789.38,1939.72,2324.89,1014.68,815.49,1629.16,1716.41,1795.19,2007.54,1553.33,1812.24,2199.76,802.03,368.0,0.0,562.08,794.42,2640.92,2944.14,2947.85,2761.9,2406.36,541.11,1449.85,1563.32,1317.34,1467.75,2169.51,1403.81,588.7,1463.84,2722.2,1875.66,516.48,328.87,3453.99,934.5,530.2,2545.37,724.2,2232.51,1474.26,918.62,2789.29,1315.78,2573.36,2457.37,2185.6,2129.15,1418.76
3619,6669.36,16549.2,1565.38,1745.06,1986.03,1602.08,1491.74,1302.53,1439.17,1704.15,1779.11,1502.67,1423.34,2345.73,2262.98,2693.55,2605.16,2470.88,2103.44,2044.73,1951.62,2101.96,2487.13,1479.61,2043.55,1791.4,1878.65,1957.43,2169.78,1715.57,1974.48,2362.0,1266.96,832.93,519.01,0.0,351.74,2803.16,3106.38,3110.1,2924.14,2568.6,881.08,792.31,905.77,1548.13,1629.99,2331.75,1566.05,736.25,1621.39,2884.44,1727.23,981.41,793.8,3616.23,1399.43,995.14,2707.61,1189.13,2394.75,1636.51,2021.23,2951.53,1517.98,2735.6,2619.61,2347.84,2291.39,1581.0
3620,6771.17,16651.01,1667.19,1846.87,1846.49,1462.54,1352.2,1162.99,1299.63,1564.61,1639.57,1363.13,1283.8,2206.19,2123.44,2554.01,2465.62,2331.34,1963.9,1905.19,1812.08,1962.42,2347.59,2197.18,1904.01,1651.86,1739.11,1817.89,2030.24,1576.03,1834.94,2222.46,1791.33,1201.55,751.34,351.74,0.0,2663.62,2966.84,2970.55,2784.6,2429.06,982.89,894.12,1007.58,1408.59,1490.45,2192.21,1426.51,1336.04,1481.85,2744.9,1587.69,1723.38,1511.37,3476.69,2117.01,1363.76,2568.07,1906.7,2255.21,1496.96,1881.69,2811.99,1378.44,2596.06,2480.07,2208.3,2151.85,1441.46
3655,9663.77,19543.61,4274.1,4453.77,2383.34,2024.27,2740.72,2827.14,2521.41,2181.02,2237.2,2162.73,1891.98,771.4,787.96,148.51,458.64,688.1,915.93,1306.34,1365.73,1265.42,1024.94,1831.41,1578.47,1361.46,1291.33,1211.86,1279.25,1292.6,972.9,790.26,2055.49,2309.83,2348.79,2969.33,2829.79,0.0,1203.4,973.52,855.25,1500.6,3380.85,3555.24,3668.71,2589.71,2098.62,787.48,1780.32,3262.91,2736.22,815.55,2252.16,2465.89,2057.38,813.08,2375.71,2472.03,666.78,1995.21,648.5,1850.77,1556.15,148.38,2480.76,666.71,1551.61,957.95,1014.4,2049.63
3656,9816.74,19696.57,4427.06,4606.74,2536.31,2177.24,2893.69,2980.11,2674.38,2333.99,2390.17,2315.7,2044.94,924.37,940.93,301.48,611.61,841.07,1068.89,1459.31,1518.7,1418.39,1177.91,1984.38,1731.44,1514.43,1444.3,1364.83,1432.22,1445.57,1125.86,943.23,2208.46,2462.8,2501.76,3122.3,2982.76,152.97,0.0,230.31,716.56,917.94,3533.81,3708.21,3821.67,2742.68,2251.59,940.45,1933.28,3415.87,2889.18,235.78,2405.13,2618.85,2210.35,390.34,2528.68,2625.0,819.74,2148.17,801.47,2003.74,1709.12,192.05,2633.73,371.22,1704.58,1110.91,1167.37,2202.6
3657,9753.16,19632.99,4363.48,4543.16,2766.62,2407.55,3124.0,3210.42,2904.69,2564.3,2620.48,2546.01,1981.36,1154.68,1171.24,531.79,841.92,777.48,1005.31,1395.73,1455.11,1354.8,1114.32,1920.79,1667.85,1450.84,1380.71,1301.24,1368.63,1381.99,1062.28,1051.74,2144.87,2693.11,2438.18,3352.61,3213.07,383.28,230.31,0.0,520.57,721.96,3470.23,3644.62,3758.09,2972.99,2188.0,876.87,2163.59,3352.29,3119.49,239.49,2635.44,2555.27,2146.76,160.47,2465.09,2855.31,756.16,2084.59,1031.78,2234.05,1645.53,422.36,2864.04,374.93,1047.75,1341.23,1397.68,2139.02
3658,9561.01,19440.85,4171.33,4351.01,2945.43,2023.63,2740.08,2690.42,2792.79,2743.11,2799.29,2162.09,1789.21,1164.93,1071.88,674.05,852.17,585.34,813.16,1203.58,1262.97,1162.66,922.18,1728.65,1475.71,1258.7,1188.57,1109.1,1176.49,1189.84,870.14,859.6,1952.73,2309.19,2246.03,2968.69,2829.15,783.66,632.61,402.73,0.0,423.18,3278.09,3452.48,3565.95,2589.07,1995.86,684.72,1779.68,3160.15,2735.58,488.43,2251.52,2363.13,1954.62,415.69,2272.95,2471.39,564.02,1892.44,1042.03,1850.13,1453.39,932.03,2587.51,339.59,748.98,1167.04,1110.59,1946.87
3659,8761.54,18641.38,3371.87,3551.55,2604.24,1745.53,2461.97,2412.31,2514.68,2574.1,2570.54,1883.99,1358.86,1386.25,1293.2,895.37,1073.49,806.66,1006.14,731.02,551.23,450.92,646.59,929.18,763.97,1018.68,1105.93,1184.71,1397.06,1651.08,1091.46,1080.92,1240.98,2031.08,1534.29,2690.59,2551.05,1004.98,931.7,735.56,332.82,0.0,2478.62,2653.01,2766.48,2310.97,1565.51,906.04,1501.57,2360.68,2457.47,709.75,1973.42,1651.38,1242.87,626.72,1561.21,2193.29,867.06,1017.13,1263.35,1572.02,741.65,1153.35,2309.41,560.91,325.8,1388.36,1331.91,1516.52
3666,8073.81,17953.64,1926.02,2105.7,2344.25,1960.3,1849.96,1660.75,1797.39,2062.37,2137.33,1860.89,1781.56,2703.95,2621.2,3051.77,2963.37,2829.1,2461.66,2402.95,2309.84,2460.18,2845.35,1530.1,1330.91,2149.62,2236.87,2315.65,2528.0,2073.78,2332.7,2720.22,1317.45,883.42,569.5,432.69,709.96,3161.38,3464.6,3468.31,3282.36,2926.82,0.0,1289.83,1403.3,1906.35,1988.21,2689.97,1924.27,786.73,1979.61,3242.66,2085.45,1031.9,844.29,3974.45,1449.92,1045.62,3065.82,1239.62,2752.97,1994.72,1434.04,3309.75,1876.2,3093.82,2977.83,2706.06,2649.61,1939.22
3667,5963.14,15842.97,859.16,1038.84,2583.1,2199.16,2088.81,1899.6,2036.24,2301.22,2376.18,2099.75,2020.42,2942.8,2860.05,3435.45,3202.23,3067.95,2700.52,2641.8,2548.69,2459.51,2719.93,2093.95,1894.76,2388.47,2475.72,2554.5,2766.85,2312.64,2571.56,2959.07,1881.3,1834.69,892.22,847.0,948.81,3545.06,3608.25,3611.96,3426.0,2659.76,322.73,0.0,199.55,2145.2,2227.06,2928.83,2163.12,675.88,2218.47,3386.3,2324.3,1218.21,1408.14,3286.48,2013.77,1996.9,2940.41,1803.47,2991.83,2233.58,1997.89,3693.43,2115.05,3237.46,2746.17,2944.92,2888.46,2178.07
3668,5788.74,15668.58,684.76,864.44,2460.11,2076.17,1965.83,1776.61,1913.25,2178.23,2253.2,1976.76,1897.43,2819.82,2737.06,3826.35,3079.24,2944.97,2577.53,2518.81,2425.71,2850.41,3110.83,2484.84,2285.65,2265.49,2352.74,2431.52,2643.87,2189.65,2448.57,2836.09,2272.2,2225.59,1954.88,724.02,825.83,3935.96,3999.15,4002.86,3816.9,3050.66,933.57,295.06,0.0,2022.22,2104.08,2805.84,2040.14,1066.78,2095.48,3777.2,2201.32,1609.11,1799.03,3677.38,2404.67,2387.79,3331.3,2194.36,2868.84,2110.59,2388.79,4084.33,1992.07,3628.36,3137.07,2821.93,2765.48,2055.09
3676,8377.63,18257.46,2987.95,3167.63,798.01,454.02,151.63,245.6,507.84,885.17,591.09,354.61,896.14,1818.53,1735.78,2166.35,2077.95,1943.68,1576.24,1517.53,1424.42,1574.76,1959.93,1809.52,1516.35,1264.2,1351.45,1430.23,1642.58,1188.36,1447.28,1834.8,1403.67,813.89,1218.63,1409.78,1270.24,2611.33,2579.18,2582.89,2396.93,2041.4,2094.7,1952.16,2065.63,0.0,1102.79,1804.55,868.38,1976.76,147.13,2357.24,539.21,1335.72,1123.71,3424.4,1729.34,976.09,2180.4,1519.04,1867.55,738.84,1494.03,2759.7,329.96,2208.4,2092.41,1820.64,1764.19,1053.8
3705,8804.77,18684.6,3415.09,3594.77,1814.18,955.47,1671.92,1622.25,1724.63,1784.04,1780.48,1093.93,568.81,1096.93,1014.17,1444.75,1356.35,910.77,543.33,554.66,694.52,844.86,800.29,1410.85,786.45,369.61,318.54,397.32,609.67,298.39,799.55,801.89,871.4,1241.03,1645.77,1900.53,1760.99,1554.36,1546.27,1549.98,1364.02,1311.5,2521.84,2696.23,2809.7,1520.91,0.0,771.64,711.51,2403.9,1667.41,1324.33,1183.36,1762.86,1196.89,2367.43,1191.62,1403.23,1175.55,1203.19,1145.95,781.97,764.14,1702.73,1519.35,1175.48,1362.52,1099.04,1042.59,726.47
3706,9277.4,19157.23,3887.72,4067.4,2286.82,1428.1,2144.55,2094.89,2197.26,2137.29,2253.11,1566.57,1193.69,559.11,476.36,691.03,551.41,228.32,456.15,848.22,1192.06,1091.75,851.27,1657.74,1147.84,663.17,593.04,513.57,580.96,594.32,274.61,164.26,1424.57,1713.66,2118.4,2373.16,2233.62,800.63,863.82,867.54,681.58,1326.92,2994.47,3168.87,3282.33,1993.54,1400.33,0.0,1184.15,2876.53,2140.05,641.88,1655.99,2235.49,1750.06,1027.57,1744.79,1875.86,493.1,1564.57,341.01,1254.6,1125.52,949.0,1991.98,493.04,1377.94,561.22,504.77,1351.34
3707,8513.17,18393.0,3123.49,3303.17,1239.23,277.22,712.14,662.47,764.85,1209.09,820.7,375.02,429.0,1351.38,1268.63,1699.21,1610.81,1476.53,1109.1,1050.38,957.27,1107.62,1492.79,1673.6,1049.21,797.05,884.3,963.08,1175.43,721.22,980.13,1367.65,936.53,949.43,1354.16,1608.93,1469.39,1808.81,2112.04,2115.75,1929.79,1574.25,2230.24,2404.63,2518.1,561.13,635.64,1337.41,0.0,2112.3,707.63,1890.09,608.41,1471.26,1259.25,2621.88,1256.75,1111.63,1713.26,1320.06,1400.41,207.02,1026.89,1957.18,559.57,1741.25,1625.27,1353.49,1297.04,586.65
3712,7099.58,16979.42,1340.26,1519.94,2516.29,2172.3,2200.81,2201.48,2253.52,2603.1,2309.37,2072.89,1993.56,2915.95,2833.2,3088.64,3175.38,3041.1,2673.67,2614.95,2521.84,2112.71,2373.13,1747.14,1547.95,2361.62,2448.87,2527.65,2740.0,2285.79,2544.7,2932.22,1534.49,790.81,520.11,1148.88,1250.69,3198.25,3261.44,3265.15,3079.19,2312.96,447.01,621.4,734.87,2049.8,2200.21,2901.97,2136.27,0.0,2196.3,3039.5,2608.12,871.41,1061.33,2939.68,1666.96,953.02,2593.6,1456.66,2964.97,2206.73,1651.08,3346.62,2048.24,2890.66,2399.36,2918.06,2861.61,2151.22
3713,8522.09,18401.92,3132.41,3312.09,942.46,598.48,292.53,390.06,652.29,1029.63,735.54,499.07,1040.6,1962.98,1880.23,2310.81,2222.41,2088.13,1720.7,1661.98,1568.87,1719.21,2104.39,1953.98,1660.81,1408.65,1495.9,1574.68,1787.03,1332.82,1591.73,1979.25,1548.13,958.35,1363.08,1554.24,1414.7,2755.78,2723.64,2727.35,2541.39,2185.85,2239.16,2096.61,2210.08,227.48,1247.24,1949.01,1012.84,2121.22,0.0,2501.69,683.66,1480.18,1268.17,3568.85,1873.8,1120.55,2324.86,1663.5,2012.0,883.29,1638.49,2904.15,474.41,2352.85,2236.87,1965.09,1908.64,1198.25
3714,9527.5,19407.33,4137.82,4317.5,2911.92,1990.12,2706.57,2656.9,2759.28,2709.6,2765.78,2128.58,1755.7,1131.42,1038.37,640.54,818.66,551.83,779.65,1170.07,1229.46,1129.15,888.67,1695.14,1442.2,1225.19,1155.06,1075.58,1142.98,1156.33,836.62,826.08,1919.22,2275.68,2212.52,2935.18,2795.64,368.63,235.78,239.49,494.62,696.0,3244.57,3418.96,3532.43,2555.56,1962.35,651.21,1746.16,3126.63,2702.06,0.0,2218.01,2329.61,1921.11,399.53,2239.44,2437.88,530.5,1858.93,1008.52,1816.62,1419.88,407.71,2554.0,148.84,1415.34,1133.53,1077.08,1913.36
3718,8699.5,18579.33,3309.82,3489.5,549.76,775.89,709.26,532.24,458.29,819.52,342.84,676.48,1218.01,2308.77,2057.64,2537.11,2399.82,2265.55,1898.11,1839.39,1746.29,1896.63,2281.8,2131.39,1838.22,1586.07,1673.32,1752.1,1964.45,1510.23,1769.15,2156.67,1725.54,1135.76,1540.5,1554.39,1414.85,2532.06,2901.05,2904.76,2718.8,2363.27,2416.57,2096.77,2210.24,558.25,1424.66,2126.42,1190.25,2298.63,704.76,2679.11,0.0,1657.59,1445.58,3345.13,2051.21,1297.96,2502.27,1840.91,2189.42,1060.71,1815.9,2680.43,210.76,2530.26,2414.28,2073.5,2129.95,1375.67
3719,7236.0,17115.84,1846.33,2026.0,1838.97,1494.99,1523.49,1695.61,1576.2,2097.23,1632.06,1395.58,1316.25,2238.64,2155.89,2586.46,2498.06,2363.79,1996.35,1937.64,1844.53,1994.87,2380.04,1069.83,870.64,1684.31,1771.56,1850.34,2062.69,1608.47,1867.39,2254.91,857.18,810.57,539.86,880.47,1756.76,2696.07,2999.29,3003.0,2817.04,2461.51,953.08,1127.47,1240.94,1372.49,1522.9,2224.66,1458.96,835.14,1518.99,2777.35,1930.81,0.0,384.02,3509.14,989.65,972.77,2600.51,779.35,2287.66,1529.41,973.77,2844.44,1370.93,2628.5,2512.52,2240.75,2184.3,1473.91
3723,7452.22,17332.06,2062.54,2242.22,1592.33,1248.34,1276.85,1448.97,1329.56,1850.59,1385.41,1148.94,1069.61,1991.99,1909.24,2339.82,2251.42,2117.14,1749.71,784.75,691.65,841.99,1227.16,687.62,488.42,1437.66,1524.91,1603.69,1816.04,1361.83,1620.74,2008.26,482.72,563.93,293.22,633.82,866.16,2449.42,2115.47,2119.19,1933.23,1308.63,1169.3,1343.69,1457.16,1125.84,1276.25,1978.02,1212.31,1051.36,1272.35,1893.53,1684.16,410.31,0.0,3262.49,616.2,726.13,1447.63,397.14,2041.01,1282.77,591.56,2597.79,1124.28,1744.69,1359.64,1994.1,1937.65,1227.26
3725,9399.36,19279.19,4009.68,4189.36,2926.65,2567.58,3284.03,3370.45,3064.72,2724.33,2780.51,2706.04,2100.95,1314.71,1331.27,691.82,1001.95,897.07,1124.9,1515.32,1574.7,1474.39,1233.91,1566.99,1787.44,1570.43,1500.3,1420.83,1488.22,1501.58,1181.87,1171.33,2264.46,2853.14,2557.77,3512.64,3373.1,543.31,390.34,160.47,423.08,637.81,3116.43,3290.82,3404.29,3133.02,2307.59,996.46,2323.62,2998.49,3279.52,399.53,2795.47,2674.86,2266.35,0.0,2584.68,3015.34,875.75,1654.94,1191.81,2394.08,1765.12,582.39,3024.07,534.96,963.61,1501.26,1557.71,2258.61
3726,8083.0,17962.83,2693.32,2873.0,1264.29,920.31,948.81,1120.93,1001.52,1522.55,1057.37,820.9,741.57,1663.95,1581.2,2011.78,1923.38,1789.11,1421.67,1362.95,1269.85,1420.19,1805.36,1151.46,952.27,1109.62,1196.87,1275.65,1488.01,1033.79,1292.71,1680.22,390.6,519.26,923.99,1264.6,1285.92,2121.39,2424.61,2428.32,2242.36,1886.82,1800.07,1974.46,2087.93,797.8,948.21,1649.98,884.28,1682.13,944.31,2202.66,1356.12,1041.09,616.2,2934.46,0.0,681.46,2025.83,860.98,1712.98,954.73,1339.46,2269.76,796.24,2053.82,1937.84,1666.07,1609.61,899.23
3739,7790.16,17669.99,2400.48,2580.16,1504.36,1160.37,1403.23,1214.02,1350.66,1615.64,1297.44,1060.96,981.63,1904.02,1821.27,2251.84,2163.45,2029.17,1661.73,1603.02,1509.91,1660.25,2045.42,1246.45,1047.26,1349.69,1436.94,1515.72,1728.07,1273.85,1532.77,1920.29,1033.8,137.45,285.85,793.86,1026.19,2361.45,2664.67,2668.38,2482.43,2126.89,772.88,1681.62,1795.09,1037.87,1188.28,1890.04,1124.34,820.47,1184.37,2442.73,1596.19,748.25,560.64,3174.52,1166.27,0.0,2265.9,955.97,1953.04,1194.79,1150.39,2509.82,1036.31,2293.89,2177.9,1906.13,1849.68,1139.29
3741,9030.24,18910.07,3640.56,3820.24,2785.21,1926.5,2642.94,2593.28,2695.65,2597.35,2751.51,2064.96,1539.83,1019.17,926.12,528.29,706.4,439.58,667.4,672.81,732.2,631.89,391.41,1197.87,944.94,1199.65,1286.9,1365.68,1030.73,1044.08,724.37,713.83,1421.95,2212.05,1715.26,2871.56,2732.02,637.89,701.08,704.8,518.84,867.06,2747.31,2921.7,3035.17,2491.94,1746.48,538.96,1682.54,2629.37,2638.44,479.14,2154.39,1832.35,1423.84,864.83,1742.18,2374.26,0.0,1361.67,896.27,1752.99,922.62,786.26,2490.38,330.3,918.07,1021.28,964.83,1697.49
3742,7847.55,17727.39,2457.88,2637.55,1987.66,1643.68,1672.18,1844.3,1724.89,2245.92,1780.74,1544.27,1170.43,1841.76,1759.01,1758.54,2101.19,1655.6,1288.17,722.58,629.47,779.82,1043.03,296.08,426.25,976.12,1063.37,1142.15,1354.5,1462.65,1557.26,1546.72,540.76,959.26,688.55,1029.15,1261.49,1868.15,1931.34,1935.05,1749.09,982.86,1564.63,1739.02,1852.49,1521.17,1377.07,1516.48,1313.13,1446.69,1667.68,1709.4,1784.98,805.64,397.14,1609.58,860.98,1121.46,1263.5,0.0,1890.78,1383.59,529.38,2016.52,1519.61,1560.56,1069.26,1843.87,1787.42,1328.08
3745,9653.61,19533.44,4263.93,4443.61,2322.66,1795.03,2511.48,2461.81,2564.19,2120.34,2176.52,1933.49,1765.08,542.16,558.72,298.84,210.44,677.93,905.76,1296.18,1355.57,1255.25,1014.77,1821.24,1568.3,1234.57,1164.44,1084.96,1152.36,1096.45,776.74,561.02,2045.32,2080.59,2485.32,2740.09,2600.55,408.45,1027.33,1031.04,845.08,1490.43,3370.68,3545.07,3658.54,2360.47,1971.73,777.32,1551.07,3252.74,2506.97,805.38,2022.92,2602.42,2047.21,1221.52,2365.54,2242.79,656.61,1985.04,0.0,1621.53,1545.99,556.82,2358.91,656.54,1541.44,544.27,487.82,1922.74
3747,8583.25,18463.08,3193.57,3373.25,1060.12,432.25,917.85,868.19,970.56,1029.98,1026.42,482.64,499.07,1421.46,1338.71,1769.28,1680.89,1546.61,1179.17,1120.46,1027.35,1177.69,1562.86,1743.68,1119.28,867.13,954.38,1033.16,1245.51,791.3,1050.21,1437.73,1006.61,1019.51,1424.24,1679.01,1539.47,1878.89,2182.11,2185.83,1999.87,1644.33,2300.32,2474.71,2588.18,766.84,705.72,1407.48,157.45,2182.38,913.35,1960.17,429.3,1541.33,1329.32,2691.96,1326.83,1181.71,1783.34,1390.14,1470.48,0.0,1096.96,2027.26,765.29,1811.33,1695.34,1423.57,1367.12,656.73
3749,8041.97,17921.81,2652.3,2831.97,2122.63,1263.91,1980.36,1930.7,2033.07,2092.49,2088.92,1402.38,877.25,1402.71,1319.96,1441.45,1662.13,1216.55,849.11,283.53,190.42,340.76,725.93,906.75,112.65,537.07,624.32,703.1,915.45,1169.47,1118.21,1107.67,759.37,1549.47,882.97,1223.58,2069.43,1551.06,1614.25,1617.96,1432.0,807.4,1759.05,1933.44,2046.91,1829.35,1083.89,1077.42,1019.96,1641.11,1975.86,1392.3,1491.8,1000.06,591.56,1777.99,1079.59,1711.67,946.4,529.38,1451.73,1090.41,0.0,1699.43,1827.79,1243.46,858.41,1404.82,1348.37,1034.91
3750,9812.14,19691.98,4422.47,4602.15,2531.71,2172.64,2889.09,2975.51,2669.78,2329.39,2385.57,2311.1,2040.35,919.77,936.33,296.88,607.01,836.47,1064.3,1454.72,1514.1,1413.79,1173.31,1979.78,1726.84,1509.83,1439.7,1360.23,1427.62,1440.97,1121.27,938.63,2203.86,2458.2,2497.16,3117.7,2978.16,148.38,1055.03,825.16,1003.62,1648.97,3529.22,3703.61,3817.08,2738.08,2246.99,935.85,1928.69,3411.28,2884.59,963.92,2400.53,2614.26,2205.75,664.71,2524.08,2620.4,815.15,2143.58,796.87,1999.14,1704.52,0.0,2629.13,815.08,1699.98,1106.32,1162.77,2198.0
6365,8426.04,18305.87,3036.36,3216.04,471.85,502.43,435.8,325.28,251.33,822.83,264.93,403.02,944.55,2230.87,1784.18,2459.21,2126.36,1992.08,1624.65,1565.93,1472.82,1623.17,2008.34,1857.93,1564.76,1312.6,1399.85,1478.63,1690.98,1236.77,1495.69,1883.2,1452.08,862.3,1267.03,1347.44,1207.9,2454.16,2627.59,2631.3,2445.34,2089.8,2143.11,1889.81,2003.28,284.79,1151.19,1852.96,916.79,2025.17,431.29,2405.64,213.05,1384.13,1172.12,3267.23,1777.75,1024.5,2228.81,1567.45,1915.96,787.24,1542.44,2602.53,0.0,2256.8,2140.82,1995.59,2052.05,1102.2
6451,9378.66,19258.49,3988.98,4168.66,2763.07,1841.28,2557.72,2508.06,2610.44,2560.76,2616.93,1979.74,1606.86,982.57,889.53,491.7,669.81,402.99,630.81,1021.23,1080.62,980.31,739.83,1546.29,1293.36,1076.35,1006.22,926.74,994.13,1007.49,687.78,677.24,1770.37,2126.84,2063.68,2786.34,2646.8,601.3,371.22,374.93,345.78,547.16,3095.73,3270.12,3383.59,2406.72,1813.51,502.37,1597.32,2977.79,2553.22,148.84,2069.17,2180.77,1772.26,534.96,2090.59,2289.04,381.66,1710.09,859.68,1667.77,1271.04,749.67,2405.16,0.0,1266.49,984.69,928.23,1764.52
6520,8923.14,18802.98,3533.47,3713.14,2678.12,1819.4,2535.85,2486.18,2588.56,2647.97,2644.41,1957.86,1432.74,1333.84,1240.8,842.96,1021.08,754.25,643.86,565.71,625.1,524.79,284.31,1090.78,837.84,1092.56,1179.81,1258.59,1470.94,1724.96,1039.05,1028.51,1314.86,2104.96,1608.16,2764.46,2624.92,952.57,1015.76,1019.47,833.51,759.97,2640.22,2814.61,2928.08,2384.84,1639.38,853.64,1575.45,2522.28,2531.35,793.82,2047.29,1725.26,1316.75,1179.5,1635.08,2267.16,347.92,1254.58,1210.95,1645.9,815.52,1100.94,2383.28,644.97,0.0,1335.95,1279.5,1590.4
6529,9337.47,19217.3,3947.79,4127.47,1737.8,1488.17,2204.62,2154.96,1875.87,1535.49,1591.66,1626.64,1458.23,235.3,251.86,953.4,594.04,736.39,779.16,1112.76,1320.45,1470.79,1398.37,2036.78,1412.38,927.71,857.58,778.11,845.5,789.59,469.89,627.51,1689.11,1773.73,2178.47,2433.23,2293.69,948.35,1410.93,1921.86,1228.68,1874.03,3054.54,3228.94,3342.4,2053.61,1664.87,597.26,1244.22,2936.6,2200.12,1188.98,1716.06,2295.56,2083.55,1761.42,2009.33,1935.93,1040.21,1829.11,383.64,1314.67,1390.06,1096.72,1835.23,1040.14,1925.04,0.0,56.45,1615.89
6530,9281.02,19160.85,3891.34,4071.02,1959.35,1431.72,2148.17,2098.5,2200.88,1757.03,1813.21,1570.18,1401.77,178.85,195.41,1009.85,537.59,679.94,722.71,1056.31,1263.99,1414.34,1341.92,1980.32,1355.93,871.26,801.13,721.66,789.05,733.14,413.43,571.06,1632.66,1717.28,2122.02,2376.78,2237.24,1004.8,1354.47,1978.31,1172.23,1817.57,2998.09,3172.48,3285.95,1997.16,1608.42,540.81,1187.76,2880.15,2143.66,1132.53,1659.61,2239.11,2027.1,1817.87,1952.88,1879.48,983.75,1772.66,327.19,1258.22,1333.61,1153.17,1995.6,983.69,1868.59,56.45,0.0,1559.43
6567,8853.76,18733.59,3464.08,3643.76,1863.17,1004.46,1720.91,1671.24,1773.62,1833.03,1829.47,1142.92,617.79,1145.91,1063.16,1493.74,1405.34,959.76,592.32,603.65,743.51,893.85,849.28,1459.84,835.44,418.6,367.52,446.3,658.66,347.38,848.53,850.88,920.39,1290.02,1694.75,1949.52,1809.98,1603.35,1595.26,1598.97,1413.01,1360.49,2570.83,2745.22,2858.69,1569.9,48.99,820.63,760.5,2452.89,1716.37,1373.29,1232.32,1811.82,1245.85,2416.39,1240.58,1452.19,1224.51,1252.15,1194.91,830.93,813.09,1751.69,1568.31,1224.44,1411.47,1148.0,1091.55,0.0
